student_code,travel_mode,travel_minutes,siblings,sleep_hours,height_cm,favourite_subject
S01,walk,53,0,8.2,155,Social
S02,motorbike,27,5,6.7,165,Nepali
S03,walk,40,0,7.1,160,Science
S04,bicycle,23,1,8.1,155,English
S05,bicycle,11,1,8.6,145,Science
S06,walk,48,2,6.7,170,Science
S07,walk,21,0,8.7,150,Social
S08,walk,7,3,6.6,165,Social
S09,walk,12,0,7.2,146,Maths
S10,walk,52,5,8.9,171,Science
S11,walk,10,4,9.7,157,Science
S12,walk,41,3,7.9,149,Nepali
S13,walk,27,5,7.7,155,Maths
S14,walk,54,2,9.3,147,Nepali
S15,bicycle,32,4,6.9,169,Maths
S16,walk,10,3,8.3,159,Maths
S17,walk,5,2,8.2,156,Maths
S18,bus,35,1,9.0,161,Maths
S19,bus,42,2,8.3,166,Maths
S20,bus,19,0,7.7,152,Nepali
S21,motorbike,43,0,8.6,162,Social
S22,walk,42,4,6.9,143,Maths
S23,walk,31,4,8.8,159,Social
S24,walk,20,2,7.3,146,Maths
S25,walk,10,2,7.1,160,Social
S26,walk,27,5,7.6,171,Social
S27,walk,50,4,8.0,143,Nepali
S28,walk,18,1,8.7,148,English
S29,bus,29,4,7.8,139,Social
S30,walk,27,0,8.7,149,Social
S31,bus,37,5,9.0,155,Maths
S32,walk,30,3,7.9,155,Social
S33,walk,35,4,7.0,165,Maths
S34,walk,33,4,8.9,141,Nepali
S35,walk,28,1,8.3,161,Social
S36,walk,40,5,5.9,143,Maths
