district_id,district,ecological_belt,province,population,households,area_km2,male,female,literacy_pct,absentee_population
1,Hill-01,Hill,5,229425,57325,2108.7,104885,124540,82.2,20647
2,Hill-02,Hill,6,543452,106859,2480.5,255439,288013,73.1,57912
3,Mountain-01,Mountain,4,107373,23861,4984.0,51772,55601,66.7,7065
4,Hill-03,Hill,1,204455,39804,644.9,91760,112695,78.8,20930
5,Mountain-02,Mountain,4,107066,26663,4219.4,51091,55975,66.2,8574
6,Mountain-03,Mountain,7,70970,13832,5044.8,33495,37475,62.6,4415
7,Terai-01,Terai,7,248698,52699,2184.2,121571,127127,78.1,18349
8,Hill-04,Hill,1,313431,76797,1752.9,150313,163118,76.9,24176
9,Hill-05,Hill,5,524892,109299,843.9,238736,286156,78.9,31515
10,Terai-02,Terai,5,418237,97763,1677.3,207495,210742,69.9,29579
11,Mountain-04,Mountain,4,84648,20439,4484.3,38838,45810,64.2,5315
12,Hill-06,Hill,6,446898,92359,2015.6,204625,242273,83.5,45052
13,Hill-07,Hill,6,111955,25371,1908.7,53140,58815,75.2,6865
14,Terai-03,Terai,5,878299,170339,1168.1,451973,426326,76.1,47834
15,Terai-04,Terai,2,661573,150956,1796.0,313921,347652,72.2,37160
16,Hill-08,Hill,1,305190,67706,949.0,140708,164482,73.6,26107
17,Hill-09,Hill,3,228320,51442,681.9,103332,124988,79.5,14309
18,Hill-10,Hill,5,427389,100575,1236.8,200533,226856,80.2,51891
19,Hill-11,Hill,1,524631,124870,2141.7,244876,279755,82.2,55481
20,Mountain-05,Mountain,1,26942,5205,2739.7,12652,14290,73.7,1072
21,Hill-12,Hill,5,453162,108056,1644.0,203425,249737,80.0,45415
22,Hill-13,Hill,5,51855,10519,1839.0,24045,27810,80.1,5680
23,Mountain-06,Mountain,7,30775,7233,5529.2,14441,16334,66.6,1495
24,Hill-14,Hill,6,336953,83712,1135.3,154467,182486,78.0,32459
25,Terai-05,Terai,1,854749,186158,1883.5,422889,431860,71.5,58029
26,Mountain-07,Mountain,7,36988,7152,3988.4,17362,19626,66.3,1692
27,Terai-06,Terai,7,298542,65111,1427.0,148127,150415,67.8,21318
28,Terai-07,Terai,2,709286,143806,2408.5,352671,356615,65.5,40317
29,Hill-15,Hill,1,581215,142049,823.7,255275,325940,72.1,38174
30,Mountain-08,Mountain,4,84505,16572,4299.3,37573,46932,69.9,6830
31,Terai-08,Terai,7,362407,69905,1659.9,182402,180005,69.5,32338
32,Hill-16,Hill,1,426646,92389,631.3,196231,230415,77.7,24457
33,Terai-09,Terai,7,1607726,355881,1805.4,786267,821459,62.9,111228
34,Hill-17,Hill,7,376701,76765,924.4,181146,195555,71.9,44427
35,Mountain-09,Mountain,7,81835,15797,3849.4,38079,43756,65.4,4333
36,Hill-18,Hill,3,250794,55524,2018.3,112504,138290,82.9,15833
37,Hill-19,Hill,5,148335,30328,1237.8,67979,80356,77.2,11429
38,Hill-20,Hill,7,208874,46725,1472.1,95044,113830,74.3,23940
39,Hill-21,Hill,5,315994,62837,967.0,144512,171482,77.2,19005
40,Mountain-10,Mountain,4,97733,19577,3224.8,44296,53437,65.6,7025
41,Hill-22,Hill,3,174015,34312,2151.6,81664,92351,76.7,14392
42,Terai-10,Terai,7,431413,88881,1482.9,207629,223784,67.6,47232
43,Terai-11,Terai,7,683622,134306,1050.0,336556,347066,65.7,55948
44,Hill-23,Hill,1,217623,51305,905.5,99112,118511,78.5,23161
45,Hill-24,Hill,1,229137,56874,1854.7,106907,122230,65.4,17099
46,Mountain-11,Mountain,6,69058,14419,2251.1,32684,36374,65.1,5609
47,Terai-12,Terai,2,212844,51756,2489.6,101367,111477,76.8,11490
48,Terai-13,Terai,7,901249,196645,2436.1,439325,461924,71.0,63998
49,Mountain-12,Mountain,1,46202,11446,3864.6,21239,24963,63.6,2626
50,Terai-14,Terai,1,752784,175132,2381.5,375175,377609,68.3,72610
51,Hill-25,Hill,4,421197,94525,1813.2,190068,231129,78.7,47947
52,Terai-15,Terai,3,1116962,236327,1170.6,547555,569407,70.3,56035
53,Terai-16,Terai,1,540368,123378,2024.4,257589,282779,61.3,33344
54,Terai-17,Terai,7,1158409,227681,1971.8,570920,587489,68.1,112031
55,Hill-26,Hill,5,140641,30020,611.7,63799,76842,83.6,15722
56,Mountain-13,Mountain,6,74215,17346,2989.9,35593,38622,63.8,5808
57,Terai-18,Terai,5,512833,125070,2384.5,248769,264064,72.7,38123
58,Hill-27,Hill,7,392587,81111,1497.4,176739,215848,74.2,29409
59,Hill-28,Hill,3,292216,68540,1756.9,125757,166459,82.9,17665
60,Hill-29,Hill,5,186512,38906,1228.7,85961,100551,77.5,19894
61,Hill-30,Hill,3,121879,24322,1682.9,55182,66697,76.2,8607
62,Terai-19,Terai,3,649443,144272,1962.8,317868,331575,70.4,47958
63,Mountain-14,Mountain,6,38501,7622,2962.9,18714,19787,63.4,3021
64,Hill-31,Hill,6,260696,52057,1038.0,118878,141818,73.1,23164
65,Hill-32,Hill,1,544871,135688,1543.5,258144,286727,77.5,52847
66,Hill-33,Hill,3,298351,60775,1927.3,133494,164857,74.3,28631
67,Hill-34,Hill,4,172488,41102,2255.3,79052,93436,78.3,13115
68,Mountain-15,Mountain,1,35753,8222,3230.9,16273,19480,63.0,2656
69,Hill-35,Hill,4,190504,36645,1009.1,86812,103692,64.6,17086
70,Hill-36,Hill,1,170063,36525,819.0,74729,95334,79.8,20528
71,Terai-20,Terai,3,390801,81237,2405.8,198988,191813,72.4,42161
72,Hill-37,Hill,3,322781,63965,918.2,146752,176029,77.1,21300
73,Terai-21,Terai,3,365863,75133,1811.8,180133,185730,73.7,35584
74,Hill-38,Hill,4,583424,118713,1628.8,263906,319518,71.6,52894
75,Terai-22,Terai,7,609934,147951,1551.7,310016,299918,72.8,62658
76,Mountain-16,Mountain,6,67484,15812,3762.8,31766,35718,67.0,3581
77,Hill-39,Hill,3,177737,39466,1520.3,81346,96391,80.4,21548
