district_id,n_secondary_schools,enrolment_girls,enrolment_boys
1,155,26298,25847
2,396,48403,53251
3,81,8790,9843
4,139,19905,23181
5,103,10830,11340
6,51,6562,6050
7,224,23523,24342
8,228,34043,37679
9,509,48239,45569
10,346,43845,50516
11,63,9035,9201
12,364,48439,49293
13,68,10356,10279
14,623,91959,105155
15,428,72624,66974
16,220,31043,29148
17,202,20281,19292
18,275,46139,47767
19,353,53614,58037
20,17,2974,3164
21,405,48448,44464
22,37,6207,5626
23,20,3088,3449
24,287,35948,37712
25,789,70649,77895
26,27,4063,4275
27,194,27462,25597
28,431,69823,72143
29,357,55984,50767
30,51,10040,9180
31,274,38010,38423
32,373,45199,52689
33,1459,191121,171772
34,335,44780,41856
35,53,8152,8567
36,276,23405,24731
37,153,12424,13545
38,161,22660,22550
39,237,35743,33079
40,78,10581,9594
41,180,18485,17455
42,347,48119,44633
43,452,70596,67638
44,148,19382,22619
45,138,21824,23559
46,62,6703,6692
47,161,19112,21952
48,534,80787,73274
49,49,4766,4489
50,526,74621,85228
51,264,46294,41731
52,658,124162,116295
53,323,57916,57268
54,876,117752,115516
55,100,11253,12667
56,60,7048,6849
57,302,49277,46084
58,327,39062,44726
59,208,30462,28341
60,187,19539,18006
61,83,11379,10515
62,598,52780,60497
63,25,4426,4060
64,173,30604,27698
65,409,59678,53620
66,227,28928,26101
67,183,18566,16794
68,23,3644,3732
69,170,19866,18958
70,126,19382,17348
71,276,43132,39902
72,240,31168,29289
73,234,38628,45078
74,446,50129,51196
75,475,59211,52520
76,45,6721,6314
77,161,17101,16148
