record_id,ecological_belt,mother_age,wealth_quintile,antenatal_visits,institutional_delivery,birth_weight_kg
1,Terai,26,2,3,1,2.69
2,Terai,34,2,2,0,3.11
3,Hill,32,1,3,1,2.75
4,Hill,42,3,4,0,2.4
5,Mountain,29,1,0,0,2.62
6,Hill,39,5,4,1,2.31
7,Hill,23,3,4,0,3.12
8,Mountain,40,4,4,1,2.98
9,Mountain,38,2,2,0,2.1
10,Terai,25,3,3,0,3.08
11,Terai,25,3,2,0,3.4
12,Hill,30,5,4,0,2.71
13,Hill,37,5,3,0,2.21
14,Terai,29,4,3,1,2.19
15,Terai,19,4,5,1,2.76
16,Terai,32,3,4,0,3.54
17,Hill,35,5,3,0,2.5
18,Hill,42,4,2,0,3.66
19,Terai,40,5,4,1,2.57
20,Mountain,18,3,3,1,2.92
21,Terai,19,4,5,0,2.37
22,Hill,26,1,2,0,2.99
23,Terai,40,2,0,1,2.56
24,Mountain,29,3,2,0,3.32
25,Terai,19,5,5,1,3.13
26,Terai,31,2,4,1,3.03
27,Hill,28,2,2,0,3.05
28,Terai,21,5,3,1,3.19
29,Terai,33,4,4,1,3.13
30,Mountain,29,4,2,1,2.81
31,Terai,39,2,3,0,2.74
32,Mountain,40,1,3,0,2.48
33,Hill,40,4,4,0,3.5
34,Hill,22,1,2,1,2.5
35,Hill,22,3,5,1,2.09
36,Hill,18,1,2,1,2.85
37,Terai,31,4,4,0,3.36
38,Hill,29,4,3,0,2.69
39,Hill,30,5,4,0,3.01
40,Terai,32,4,5,1,2.84
41,Hill,27,2,3,1,3.04
42,Terai,41,2,5,0,3.47
43,Hill,40,5,3,1,3.07
44,Hill,37,1,2,1,2.66
45,Terai,17,1,4,0,3.2
46,Hill,29,2,3,1,3.02
47,Hill,37,5,4,0,2.88
48,Hill,35,3,6,0,2.98
49,Mountain,27,4,1,0,3.52
50,Terai,22,1,2,1,2.79
51,Mountain,27,1,1,0,2.84
52,Terai,40,1,4,0,2.39
53,Hill,41,5,5,0,3.69
54,Terai,42,2,3,1,2.61
55,Hill,31,1,2,0,2.74
56,Terai,24,5,4,1,3.16
57,Terai,21,2,3,0,2.47
58,Hill,38,1,3,0,2.3
59,Terai,24,5,4,1,3.55
60,Terai,21,4,4,0,3.01
61,Terai,27,5,6,0,3.53
62,Hill,18,5,3,0,3.99
63,Hill,34,1,2,0,2.42
64,Terai,33,5,3,1,3.05
65,Hill,38,1,3,0,2.8
66,Terai,42,4,2,0,2.26
67,Terai,18,5,3,1,2.69
68,Hill,31,3,5,1,3.77
69,Terai,18,3,3,0,2.9
70,Hill,35,4,4,1,3.45
71,Hill,37,5,5,0,3.89
72,Terai,24,5,4,0,2.93
73,Hill,20,2,2,1,3.43
74,Terai,41,2,1,1,3.17
75,Terai,41,5,5,1,2.97
76,Terai,19,3,4,0,3.14
77,Terai,28,4,4,0,3.39
78,Terai,22,3,2,0,2.76
79,Terai,34,4,2,0,3.3
80,Hill,37,1,6,1,3.19
81,Terai,37,5,1,1,1.86
82,Terai,41,5,6,1,3.26
83,Hill,19,1,1,0,2.37
84,Terai,39,5,6,1,3.45
85,Hill,29,5,5,0,3.08
86,Terai,35,5,4,0,3.43
87,Hill,38,1,4,1,2.64
88,Hill,21,1,3,1,2.26
89,Mountain,18,5,4,1,3.76
90,Hill,25,2,3,0,2.67
91,Terai,21,3,5,1,3.36
92,Terai,31,3,5,1,2.91
93,Terai,16,2,2,0,2.36
94,Hill,32,2,3,0,2.39
95,Terai,20,1,4,1,3.33
96,Hill,30,1,3,1,2.91
97,Terai,36,5,4,1,3.15
98,Hill,36,1,3,1,2.03
99,Hill,35,4,3,1,3.01
100,Mountain,22,1,3,0,2.59
101,Terai,25,2,3,0,2.96
102,Terai,24,1,0,0,2.6
103,Hill,34,2,3,0,2.69
104,Hill,16,3,3,0,2.89
105,Hill,36,2,4,1,2.67
106,Hill,16,5,5,1,3.57
107,Terai,22,3,2,1,2.6
108,Hill,35,1,2,0,2.52
109,Terai,40,5,3,1,3.52
110,Hill,28,1,4,1,3.08
111,Hill,23,3,3,1,2.94
112,Mountain,21,5,3,0,3.09
113,Mountain,17,5,3,1,3.3
114,Hill,18,1,1,0,2.64
115,Hill,22,2,4,1,2.32
116,Terai,30,1,3,0,3.22
117,Terai,25,4,4,1,2.91
118,Hill,42,4,4,1,2.19
119,Hill,26,5,3,1,2.59
120,Terai,40,3,4,1,2.61
121,Terai,34,1,3,0,2.67
122,Hill,35,3,3,0,3.47
123,Terai,39,5,3,1,2.93
124,Hill,37,5,3,0,2.92
125,Terai,33,4,2,1,2.38
126,Terai,24,1,4,0,3.22
127,Hill,17,5,3,0,3.03
128,Terai,18,3,2,0,2.4
129,Terai,19,4,2,1,3.18
130,Mountain,27,5,3,0,3.64
131,Mountain,39,2,1,0,2.56
132,Hill,42,5,5,1,3.02
133,Hill,36,4,3,0,3.35
134,Hill,25,1,2,0,3.59
135,Mountain,33,5,5,0,2.55
136,Hill,40,3,2,1,3.41
137,Terai,20,3,3,1,2.63
138,Terai,33,2,5,1,1.96
139,Hill,22,5,3,0,3.34
140,Hill,37,2,3,1,2.09
141,Hill,32,2,4,0,2.48
142,Terai,23,1,2,0,3.52
143,Terai,36,5,3,1,2.66
144,Terai,25,1,3,0,3.18
145,Hill,38,4,3,0,2.46
146,Terai,20,5,2,0,2.82
147,Hill,30,5,2,0,3.14
148,Terai,29,2,3,1,1.89
149,Hill,37,2,3,1,2.56
150,Terai,19,3,5,1,3.69
151,Hill,27,4,5,0,2.72
152,Terai,40,4,6,1,2.96
153,Hill,31,1,3,0,2.74
154,Hill,23,5,3,0,2.77
155,Hill,35,1,3,1,3.56
156,Mountain,22,5,5,0,2.41
157,Mountain,18,2,2,0,3.32
158,Hill,17,4,2,0,3.25
159,Hill,34,4,2,0,2.89
160,Terai,38,5,4,1,3.54
161,Mountain,16,3,2,0,2.22
162,Terai,21,2,3,0,2.85
163,Hill,39,4,4,0,3.38
164,Terai,22,5,5,1,3.26
165,Terai,31,3,3,0,2.5
166,Hill,36,1,3,0,2.86
167,Terai,36,4,2,0,3.17
168,Hill,29,4,5,1,2.53
169,Terai,25,1,2,0,2.67
170,Hill,23,4,2,0,2.4
171,Terai,40,4,3,1,2.56
172,Terai,38,4,4,0,2.43
173,Hill,17,2,4,1,2.95
174,Terai,16,4,3,0,2.72
175,Terai,18,4,5,1,2.58
176,Terai,38,5,5,1,3.29
177,Hill,42,1,0,0,2.21
178,Hill,35,1,3,0,2.52
179,Hill,22,1,3,0,2.25
180,Mountain,35,3,2,0,2.46
181,Mountain,31,4,3,0,3.52
182,Hill,22,2,2,0,2.69
183,Terai,33,3,5,1,2.49
184,Hill,29,3,3,1,3.13
185,Terai,24,2,3,0,2.6
186,Hill,32,4,2,0,2.86
187,Mountain,23,4,4,1,3.04
188,Hill,17,4,3,0,3.48
189,Terai,21,2,4,0,3.26
190,Hill,41,3,4,0,2.32
191,Hill,28,1,0,1,3.03
192,Hill,32,1,4,1,3.39
193,Hill,40,1,0,1,2.2
194,Hill,18,1,0,0,2.41
195,Terai,38,1,2,0,2.79
196,Hill,29,4,6,1,3.53
197,Terai,25,2,3,1,2.29
198,Hill,41,4,5,1,3.66
199,Hill,28,4,3,0,3.42
200,Hill,40,4,2,0,3.03
201,Mountain,33,1,3,0,3.49
202,Terai,32,2,0,0,2.24
203,Hill,22,1,2,1,3.49
204,Hill,21,3,3,0,2.9
205,Mountain,28,5,4,1,3.57
206,Mountain,33,2,3,0,2.26
207,Hill,36,5,4,1,3.6
208,Hill,26,4,6,1,3.2
209,Terai,21,4,3,1,2.42
210,Terai,30,1,2,0,2.6
211,Terai,19,1,5,1,3.67
212,Hill,37,3,2,0,2.53
213,Terai,26,1,2,1,2.75
214,Terai,35,5,2,0,3.34
215,Hill,19,3,2,1,3.44
216,Terai,28,4,2,1,2.93
217,Hill,18,1,5,0,2.97
218,Terai,41,3,3,1,2.96
219,Hill,31,3,4,0,3.25
220,Terai,36,3,2,1,2.24
221,Hill,34,2,2,1,2.42
222,Hill,23,1,4,0,2.4
223,Terai,16,4,3,1,3.5
224,Terai,40,1,2,0,2.18
225,Hill,25,5,3,0,2.65
226,Hill,17,5,3,0,3.42
227,Terai,22,1,2,1,1.91
228,Hill,17,2,5,0,2.46
229,Terai,42,1,1,1,2.41
230,Hill,35,3,4,0,3.45
231,Hill,29,5,5,1,3.66
232,Hill,28,2,3,0,3.73
233,Mountain,24,4,3,1,1.74
234,Hill,35,5,4,0,2.5
235,Hill,24,5,4,0,3.3
236,Mountain,17,3,2,0,2.06
237,Hill,42,1,5,1,3.13
238,Hill,17,2,4,0,2.22
239,Mountain,31,4,4,0,3.39
240,Hill,29,4,3,0,2.73
241,Terai,25,4,4,0,2.48
242,Hill,22,2,3,0,2.67
243,Hill,17,5,3,0,3.87
244,Terai,30,2,3,0,3.14
245,Hill,20,3,4,1,3.75
246,Hill,29,1,3,0,2.3
247,Terai,32,2,4,1,2.81
248,Mountain,29,2,2,1,3.08
249,Mountain,35,2,1,0,3.19
250,Terai,41,5,4,1,3.08
251,Terai,22,5,5,1,3.18
252,Hill,20,3,5,1,2.78
253,Hill,37,3,0,1,2.72
254,Hill,35,3,1,0,2.56
255,Terai,40,5,2,0,3.38
256,Terai,33,3,4,0,3.07
257,Mountain,22,2,2,0,2.76
258,Hill,33,1,1,0,2.85
259,Hill,40,4,2,0,3.2
260,Hill,22,5,3,1,2.83
261,Terai,35,2,1,0,2.57
262,Terai,37,4,3,1,3.03
263,Hill,38,3,2,0,2.13
264,Hill,40,2,2,0,2.53
265,Hill,35,2,3,1,2.52
266,Hill,38,3,2,0,3.14
267,Terai,30,2,2,1,2.24
268,Terai,32,5,4,0,3.06
269,Hill,29,2,4,0,2.97
270,Hill,41,4,5,0,2.56
271,Mountain,37,3,3,0,3.63
272,Hill,39,2,2,1,1.86
273,Terai,38,3,2,0,2.43
274,Hill,28,1,2,0,3.58
275,Terai,29,2,1,1,3.85
276,Terai,32,5,4,1,3.17
277,Terai,39,5,6,0,3.52
278,Terai,42,3,4,1,2.7
279,Hill,29,3,4,1,2.94
280,Hill,17,4,5,1,2.92
281,Terai,34,4,3,1,3.36
282,Hill,40,3,1,0,3.02
283,Terai,18,2,3,1,2.53
284,Hill,25,2,2,0,3.06
285,Terai,31,1,3,0,2.02
286,Hill,36,2,4,1,3.62
287,Hill,42,3,1,0,2.24
288,Terai,29,3,3,0,2.47
289,Hill,28,3,4,0,3.22
290,Hill,19,5,2,0,3.02
291,Hill,29,1,2,0,3.03
292,Hill,18,1,3,0,2.64
293,Terai,36,1,3,1,3.58
294,Hill,37,3,1,0,1.88
295,Terai,33,3,2,1,3.27
296,Mountain,42,3,1,1,3.87
297,Terai,35,2,3,1,3.25
298,Terai,39,1,3,0,2.86
299,Terai,30,1,1,1,2.96
300,Hill,34,1,3,0,2.71
301,Terai,18,1,2,1,3.07
302,Hill,23,3,1,0,2.72
303,Hill,17,5,2,1,3.19
304,Mountain,36,3,1,0,2.8
305,Mountain,30,3,3,0,2.9
306,Hill,42,4,2,1,2.59
307,Hill,18,1,2,0,2.53
308,Terai,37,3,4,1,2.29
309,Hill,42,4,4,1,2.8
310,Terai,38,2,2,0,2.71
311,Mountain,20,1,2,0,2.83
312,Mountain,20,4,5,1,2.98
313,Mountain,39,1,2,0,2.49
314,Terai,34,4,2,1,2.83
315,Terai,41,2,3,0,2.61
316,Mountain,37,2,5,0,2.94
317,Terai,28,5,5,1,3.5
318,Hill,39,2,4,0,2.65
319,Hill,37,4,4,0,3.13
320,Terai,39,5,5,1,3.0
321,Hill,32,4,4,1,2.94
322,Terai,29,3,3,1,3.35
323,Hill,33,1,3,0,1.98
324,Terai,19,2,2,0,2.68
325,Terai,38,4,2,1,2.48
326,Hill,20,5,2,0,2.57
327,Terai,37,4,2,0,2.59
328,Terai,42,2,3,0,2.75
329,Terai,42,1,3,0,2.97
330,Mountain,25,1,2,0,2.3
331,Terai,17,4,3,1,2.44
332,Terai,19,2,4,1,2.98
333,Hill,26,3,3,0,3.46
334,Terai,32,2,2,1,3.21
335,Hill,31,2,4,0,3.29
336,Hill,40,4,3,0,2.91
337,Hill,24,2,2,0,3.09
338,Mountain,17,2,3,1,3.12
339,Terai,22,4,4,1,2.24
340,Hill,16,5,2,0,3.16
341,Hill,30,4,2,1,2.46
342,Terai,20,1,0,0,3.29
343,Terai,22,4,4,1,3.0
344,Hill,31,3,3,1,2.67
345,Terai,16,4,5,1,3.24
346,Terai,26,4,3,0,3.04
347,Terai,32,4,5,0,3.39
348,Terai,17,5,3,1,3.34
349,Hill,24,2,1,0,2.23
350,Terai,28,5,5,0,2.82
351,Terai,32,2,2,0,2.7
352,Mountain,35,2,3,1,3.04
353,Terai,18,4,3,0,3.56
354,Hill,20,2,3,1,2.62
355,Hill,40,4,3,0,3.1
356,Terai,28,1,2,0,3.1
357,Mountain,35,5,5,1,3.38
358,Hill,17,1,1,0,2.38
359,Terai,37,5,4,0,3.07
360,Hill,39,1,2,0,2.99
361,Hill,20,1,3,1,2.71
362,Mountain,29,4,2,0,2.89
363,Hill,19,1,1,0,2.46
364,Terai,31,1,2,1,2.26
365,Mountain,27,1,2,0,2.53
366,Hill,33,1,2,0,2.31
367,Hill,39,3,4,0,2.75
368,Hill,35,4,4,1,2.88
369,Terai,18,2,2,1,3.43
370,Terai,21,1,2,0,3.1
371,Terai,22,2,3,1,2.75
372,Hill,36,3,6,0,3.22
373,Mountain,37,4,2,0,1.96
374,Hill,30,1,1,0,2.71
375,Hill,19,5,4,0,3.6
376,Hill,24,3,5,1,2.26
377,Terai,16,5,3,0,2.55
378,Terai,33,5,5,0,2.83
379,Terai,40,3,4,1,2.68
380,Hill,25,2,4,1,3.03
381,Hill,30,3,4,1,3.23
382,Terai,23,5,5,0,2.67
383,Terai,36,4,5,1,2.61
384,Hill,31,3,5,1,3.24
385,Hill,23,3,3,1,3.28
386,Terai,23,4,1,1,3.3
387,Terai,33,4,3,0,3.1
388,Terai,42,2,2,0,2.58
389,Mountain,30,2,2,0,2.71
390,Hill,31,3,3,0,2.42
391,Hill,17,4,2,1,2.45
392,Terai,27,2,3,1,2.3
393,Terai,37,4,6,0,3.07
394,Terai,25,1,3,0,2.81
395,Hill,24,1,5,0,2.67
396,Hill,17,5,5,1,3.12
397,Terai,39,2,2,1,2.95
398,Terai,25,5,3,1,3.14
399,Terai,22,4,3,1,2.75
400,Hill,37,2,0,0,2.61
401,Hill,20,2,5,1,3.04
402,Hill,21,2,2,1,2.96
403,Hill,39,4,3,1,3.36
404,Hill,27,4,3,0,4.18
405,Hill,32,5,4,1,3.36
406,Terai,32,1,2,1,2.43
407,Terai,34,1,2,0,3.01
408,Mountain,28,1,2,0,2.62
409,Terai,29,1,0,0,2.29
410,Mountain,29,1,1,0,2.14
411,Hill,23,5,5,0,2.95
412,Hill,27,4,1,0,2.56
413,Hill,18,5,3,1,3.75
414,Hill,33,5,2,0,2.9
415,Terai,20,4,3,1,3.76
416,Terai,32,3,2,0,2.54
417,Hill,23,1,4,0,2.74
418,Hill,29,1,1,0,2.5
419,Hill,34,1,2,1,2.42
420,Hill,39,3,2,0,3.01
421,Terai,42,4,3,0,3.23
422,Terai,25,5,3,0,2.92
423,Terai,35,2,3,1,2.79
424,Hill,36,1,3,0,2.75
425,Terai,24,4,3,1,3.02
426,Hill,25,2,3,0,2.58
427,Hill,42,4,4,1,2.66
428,Hill,19,3,5,1,3.19
429,Mountain,40,1,1,0,2.2
430,Terai,28,2,1,1,3.07
431,Hill,41,4,1,0,2.73
432,Terai,19,5,6,1,3.2
433,Terai,20,4,2,1,2.76
434,Terai,41,4,4,1,3.53
435,Terai,18,4,3,1,3.01
436,Hill,41,4,4,0,3.74
437,Mountain,27,2,6,0,2.73
438,Hill,19,1,0,0,2.42
439,Hill,29,4,4,0,3.46
440,Hill,38,2,1,0,3.55
441,Hill,39,5,4,1,2.68
442,Terai,18,2,4,1,2.5
443,Hill,30,1,3,0,3.06
444,Hill,26,3,5,0,2.91
445,Hill,40,1,3,0,3.13
446,Hill,22,3,2,1,3.25
447,Terai,34,4,4,1,2.91
448,Hill,18,3,1,0,2.67
449,Terai,29,1,3,0,2.93
450,Terai,19,4,4,0,3.45
451,Terai,39,5,4,1,3.36
452,Hill,41,3,3,1,2.51
453,Hill,24,2,3,1,2.91
454,Hill,18,3,1,0,3.1
455,Terai,22,1,2,1,3.05
456,Terai,41,1,2,0,2.7
457,Terai,25,3,1,0,2.81
458,Hill,22,5,5,0,2.48
459,Hill,16,3,2,1,2.58
460,Terai,32,3,3,0,3.6
461,Mountain,25,5,2,0,2.91
462,Hill,17,1,5,1,2.75
463,Terai,19,5,3,0,3.16
464,Terai,36,2,4,1,2.67
465,Terai,19,2,3,1,1.82
466,Hill,16,4,2,1,2.07
467,Mountain,40,5,2,0,2.92
468,Hill,36,4,3,0,3.17
469,Terai,36,3,4,0,2.8
470,Mountain,18,1,2,1,2.99
471,Hill,20,5,5,1,2.83
472,Terai,33,5,6,1,3.56
473,Mountain,31,3,3,0,3.1
474,Mountain,26,2,3,0,2.34
475,Hill,33,1,0,1,2.59
476,Terai,42,5,3,0,3.27
477,Terai,38,1,4,0,3.48
478,Hill,19,5,3,0,2.48
479,Terai,32,2,5,1,2.68
480,Hill,20,5,3,0,3.09
481,Hill,21,1,2,1,1.45
482,Terai,37,1,2,0,2.55
483,Hill,34,4,4,1,2.95
484,Hill,40,4,4,0,3.02
485,Terai,26,2,3,1,3.44
486,Hill,16,2,3,0,3.3
487,Terai,29,2,3,0,3.01
488,Hill,26,4,4,1,3.41
489,Terai,27,3,5,0,2.78
490,Hill,17,5,4,0,3.18
491,Terai,39,3,4,0,3.13
492,Mountain,26,3,3,0,2.43
493,Hill,24,1,3,0,3.19
494,Hill,19,2,5,0,2.81
495,Hill,39,3,1,1,2.03
496,Hill,40,1,3,0,3.19
497,Hill,27,1,1,1,2.32
498,Hill,36,5,2,1,2.4
499,Terai,26,5,4,0,3.11
500,Terai,40,1,2,0,2.68
501,Hill,33,2,2,0,3.27
502,Terai,33,4,4,0,2.61
503,Terai,42,2,1,0,3.32
504,Hill,18,5,4,1,3.46
505,Hill,39,1,4,0,2.93
506,Hill,18,2,2,0,2.96
507,Terai,23,4,4,0,3.36
508,Hill,26,1,3,1,2.41
509,Hill,18,1,2,0,2.98
510,Terai,16,2,4,0,3.07
511,Hill,34,4,4,1,2.35
512,Hill,17,4,4,1,2.4
513,Hill,25,4,4,1,3.0
514,Hill,31,5,4,1,3.12
515,Terai,19,1,3,1,2.37
516,Hill,34,2,4,1,3.34
517,Terai,38,2,3,1,2.92
518,Mountain,30,3,5,0,3.34
519,Terai,26,3,3,1,2.84
520,Hill,31,3,4,1,2.81
521,Hill,20,3,3,1,3.26
522,Hill,25,1,3,0,2.76
523,Hill,28,4,4,1,3.57
524,Terai,26,1,0,1,2.72
525,Hill,32,4,3,0,3.1
526,Mountain,32,4,2,0,2.69
527,Hill,34,2,2,0,3.19
528,Hill,31,2,5,0,3.6
529,Hill,27,2,4,1,2.75
530,Hill,24,1,3,0,4.1
531,Terai,39,3,5,0,3.01
532,Hill,34,2,2,0,2.76
533,Terai,17,4,3,1,3.2
534,Hill,20,1,1,1,2.52
535,Hill,37,3,4,1,3.07
536,Terai,36,2,3,0,3.21
537,Mountain,36,5,4,1,3.23
538,Hill,20,2,2,0,2.81
539,Hill,18,4,3,1,2.67
540,Hill,40,4,4,0,3.23
541,Mountain,18,3,3,0,2.81
542,Mountain,28,2,2,1,2.43
543,Hill,23,1,1,0,3.24
544,Hill,25,2,3,0,3.56
545,Hill,21,4,5,1,3.12
546,Hill,30,4,2,0,3.3
547,Hill,40,3,0,0,3.4
548,Terai,41,3,6,1,3.32
549,Terai,36,5,3,0,3.16
550,Terai,42,4,2,0,2.99
551,Mountain,36,3,2,0,3.39
552,Hill,17,4,2,0,2.5
553,Hill,35,1,4,1,2.44
554,Terai,37,1,4,0,3.01
555,Terai,23,1,4,1,2.5
556,Terai,35,4,4,1,2.5
557,Terai,32,3,8,1,3.12
558,Mountain,33,4,3,0,2.93
559,Terai,24,5,3,0,2.72
560,Terai,18,5,4,1,3.34
561,Terai,36,3,1,1,2.73
562,Hill,25,3,3,1,2.61
563,Terai,34,4,3,1,2.79
564,Terai,21,4,4,0,2.43
565,Hill,17,1,3,0,2.79
566,Hill,32,2,3,1,2.73
567,Mountain,25,5,4,1,3.35
568,Terai,19,2,2,0,2.6
569,Terai,20,3,4,1,3.37
570,Hill,22,1,2,0,2.89
571,Terai,35,3,5,0,3.11
572,Hill,40,1,3,1,2.53
573,Terai,42,2,4,0,2.93
574,Terai,24,2,2,0,2.46
575,Hill,30,3,4,0,2.78
576,Hill,16,2,4,0,3.24
577,Terai,23,1,0,0,2.89
578,Mountain,39,2,2,0,2.57
579,Hill,37,1,5,1,3.57
580,Terai,31,1,3,0,3.17
581,Terai,26,4,3,1,3.25
582,Hill,19,1,2,0,2.99
583,Hill,35,4,4,0,3.46
584,Mountain,34,5,3,1,2.97
585,Hill,26,2,1,0,2.94
586,Mountain,38,4,2,0,3.21
587,Terai,39,3,4,0,2.51
588,Terai,16,2,1,0,2.13
589,Hill,29,5,5,1,3.21
590,Terai,34,1,3,1,2.49
591,Hill,27,3,3,0,2.98
592,Terai,23,2,1,0,2.21
593,Terai,39,1,3,0,2.98
594,Hill,21,2,4,0,3.46
595,Terai,27,4,3,0,2.99
596,Hill,17,1,3,1,3.3
597,Hill,24,3,6,1,2.96
598,Hill,36,4,5,0,2.85
599,Hill,25,3,3,1,2.67
600,Hill,24,2,3,1,1.97
601,Terai,37,2,1,0,2.72
602,Hill,29,1,3,1,2.79
603,Terai,17,3,4,0,3.06
604,Terai,19,5,5,0,3.02
605,Hill,37,1,1,1,2.61
606,Mountain,33,5,3,1,2.89
607,Terai,35,3,3,0,2.12
608,Terai,40,3,4,1,2.57
609,Mountain,16,1,1,0,2.77
610,Hill,32,4,5,0,2.53
611,Terai,30,3,2,1,3.15
612,Hill,24,3,2,0,3.56
613,Hill,41,2,3,0,3.54
614,Hill,37,2,0,0,2.62
615,Mountain,18,4,3,0,2.77
616,Mountain,32,5,2,1,3.48
617,Hill,24,5,5,1,2.85
618,Hill,31,3,3,1,2.62
619,Hill,19,1,2,0,3.25
620,Terai,21,1,3,1,2.23
621,Hill,41,5,4,0,2.7
622,Terai,25,1,5,1,3.14
623,Hill,18,4,3,0,2.84
624,Terai,19,2,1,0,2.63
625,Hill,40,2,3,0,3.13
626,Terai,36,4,2,1,3.28
627,Terai,41,1,1,1,2.52
628,Terai,29,5,5,1,3.17
629,Hill,29,2,3,1,3.13
630,Terai,37,5,3,0,3.78
631,Hill,42,2,3,0,2.84
632,Terai,32,4,3,0,2.7
633,Mountain,21,1,0,0,2.6
634,Hill,19,5,5,1,3.34
635,Hill,42,2,2,1,2.97
636,Terai,20,4,5,0,2.38
637,Hill,19,3,2,0,2.74
638,Terai,22,5,3,0,2.68
639,Hill,19,5,4,0,3.51
640,Hill,41,5,4,0,3.21
641,Terai,35,5,4,1,2.9
642,Terai,19,3,3,0,3.72
643,Hill,34,4,5,0,2.52
644,Terai,24,2,3,0,2.67
645,Terai,16,4,4,0,3.29
646,Hill,27,3,5,1,3.21
647,Hill,21,5,4,0,2.84
648,Hill,31,3,2,0,3.01
649,Hill,33,3,2,0,3.14
650,Hill,17,2,3,0,3.18
651,Terai,17,1,2,0,2.34
652,Terai,29,5,6,0,2.76
653,Hill,30,5,3,1,2.81
654,Hill,21,5,3,1,2.88
655,Hill,22,2,3,0,2.95
656,Terai,42,1,2,1,2.04
657,Hill,32,5,6,1,4.24
658,Hill,25,2,2,0,3.3
659,Hill,39,4,4,1,3.17
660,Hill,20,3,4,1,2.93
661,Terai,27,4,2,0,3.55
662,Hill,28,1,1,0,2.67
663,Terai,39,1,2,0,2.86
664,Terai,24,1,5,1,2.37
665,Hill,36,1,4,0,2.85
666,Hill,35,3,4,1,2.38
667,Hill,30,4,3,0,2.78
668,Hill,33,2,1,0,3.02
669,Mountain,34,2,1,1,2.33
670,Mountain,31,4,2,0,2.82
671,Mountain,31,4,4,1,2.33
672,Terai,34,4,3,1,2.62
673,Terai,40,5,5,1,2.89
674,Terai,34,2,4,1,2.97
675,Terai,39,5,2,0,3.41
676,Hill,31,3,4,1,3.4
677,Hill,31,4,5,0,2.84
678,Terai,18,3,3,1,2.49
679,Terai,29,5,4,0,2.9
680,Hill,17,4,2,1,2.65
681,Hill,38,5,3,0,2.86
682,Mountain,40,2,3,0,2.29
683,Mountain,38,3,2,1,2.74
684,Terai,22,5,4,0,3.09
685,Terai,35,1,3,0,2.74
686,Hill,41,4,3,1,2.69
687,Terai,17,2,3,1,2.65
688,Mountain,25,3,2,0,2.96
689,Terai,42,1,1,0,2.73
690,Terai,18,2,4,0,2.95
691,Hill,41,5,5,1,3.15
692,Hill,31,3,4,0,2.8
693,Hill,19,5,4,1,3.35
694,Terai,24,5,2,1,2.58
695,Hill,21,2,3,1,3.58
696,Hill,24,1,2,0,2.39
697,Terai,20,5,4,1,3.19
698,Terai,34,5,2,1,3.62
699,Hill,34,3,3,1,3.19
700,Terai,37,4,2,1,3.14
701,Hill,21,4,3,1,2.76
702,Hill,18,2,4,0,3.39
703,Terai,18,3,5,1,2.83
704,Terai,42,1,3,1,2.87
705,Terai,29,5,3,0,2.85
706,Terai,41,3,5,0,2.88
707,Hill,35,3,4,0,2.62
708,Hill,19,1,4,1,2.25
709,Terai,26,1,2,0,3.13
710,Mountain,25,5,3,0,2.65
711,Mountain,33,3,3,0,2.86
712,Hill,31,3,3,0,2.76
713,Terai,26,2,2,0,2.56
714,Terai,22,2,4,1,2.59
715,Hill,37,4,5,0,3.07
716,Hill,38,1,3,0,2.75
717,Terai,30,3,3,1,1.92
718,Hill,25,3,3,1,2.48
719,Hill,23,2,3,1,2.7
720,Hill,25,4,4,0,3.28
721,Mountain,34,2,0,0,2.63
722,Hill,24,3,3,0,3.32
723,Mountain,35,1,1,0,2.59
724,Terai,24,5,4,1,3.06
725,Hill,31,2,3,0,2.69
726,Terai,22,4,4,1,3.1
727,Hill,32,4,4,0,1.92
728,Hill,21,4,4,0,3.04
729,Terai,22,5,4,0,3.15
730,Hill,42,3,4,0,2.76
731,Hill,19,2,3,0,2.54
732,Terai,18,3,2,1,3.12
733,Mountain,22,2,3,0,2.35
734,Hill,22,3,1,1,2.91
735,Hill,26,2,3,0,3.01
736,Hill,26,5,4,0,2.34
737,Terai,25,3,3,0,2.19
738,Terai,28,5,4,0,2.89
739,Terai,23,5,4,0,3.35
740,Terai,33,1,2,1,2.53
741,Terai,42,5,4,1,2.77
742,Terai,18,1,2,0,2.84
743,Hill,33,5,3,1,3.08
744,Hill,35,4,5,1,2.76
745,Mountain,31,2,2,0,2.83
746,Hill,31,2,3,0,3.25
747,Mountain,33,4,3,1,2.83
748,Hill,33,2,3,0,3.36
749,Hill,27,5,2,1,3.16
750,Hill,20,1,3,1,3.38
751,Terai,39,3,4,1,3.15
752,Hill,20,1,2,1,2.97
753,Terai,33,4,3,0,2.72
754,Mountain,38,2,3,1,3.74
755,Terai,21,2,1,1,2.12
756,Terai,25,4,3,0,3.23
757,Mountain,35,2,3,1,2.82
758,Hill,34,4,1,0,2.32
759,Terai,32,2,3,0,2.48
760,Hill,40,3,3,0,2.64
761,Terai,31,3,3,1,3.13
762,Terai,32,4,3,1,2.88
763,Terai,42,2,3,0,2.72
764,Terai,23,4,2,0,1.59
765,Terai,41,2,1,0,2.2
766,Terai,39,2,1,1,2.41
767,Terai,21,5,3,1,2.84
768,Hill,18,1,4,1,2.13
769,Terai,31,5,3,0,3.75
770,Mountain,23,1,1,1,2.52
771,Terai,36,1,3,0,3.09
772,Mountain,39,1,3,1,2.06
773,Hill,26,5,2,0,2.61
774,Terai,40,3,4,0,3.12
775,Hill,30,1,1,0,2.52
776,Hill,19,1,4,1,2.54
777,Hill,36,4,4,0,3.55
778,Terai,18,4,2,1,2.91
779,Hill,18,3,3,0,2.55
780,Terai,18,1,0,0,2.16
781,Terai,22,5,4,0,3.2
782,Terai,34,4,5,1,3.24
783,Mountain,29,5,4,1,3.59
784,Terai,21,2,1,0,2.82
785,Terai,42,3,3,0,2.93
786,Hill,28,2,2,0,2.95
787,Terai,18,1,3,0,3.65
788,Terai,33,5,4,0,3.16
789,Mountain,38,1,2,0,3.24
790,Terai,39,4,5,1,2.85
791,Hill,40,3,2,0,2.55
792,Hill,31,3,4,1,2.52
793,Terai,32,1,0,0,2.63
794,Terai,19,5,4,1,2.88
795,Hill,28,4,2,0,3.24
796,Terai,41,4,5,1,3.31
797,Hill,29,3,3,0,2.9
798,Hill,40,1,1,1,2.56
799,Terai,25,1,2,0,2.22
800,Hill,25,3,3,0,2.87
801,Terai,23,1,2,0,2.89
802,Terai,20,3,3,1,3.63
803,Hill,24,4,4,0,3.28
804,Hill,28,3,2,1,2.42
805,Hill,37,2,4,1,3.51
806,Hill,28,4,4,0,3.28
807,Terai,18,1,3,0,2.72
808,Terai,24,2,4,1,2.36
809,Hill,32,4,5,1,3.14
810,Mountain,23,4,2,0,2.53
811,Terai,40,2,4,0,2.86
812,Mountain,30,5,3,0,2.41
813,Terai,27,2,2,0,2.53
814,Terai,42,1,4,0,2.83
815,Terai,25,1,1,1,2.93
816,Hill,32,4,3,0,3.33
817,Hill,22,4,2,1,3.36
818,Terai,31,4,4,0,2.88
819,Hill,28,4,2,0,3.01
820,Terai,40,3,3,1,3.32
821,Hill,40,1,2,0,2.39
822,Hill,40,5,5,1,3.15
823,Terai,41,2,5,0,2.93
824,Terai,29,1,2,1,2.64
825,Terai,35,3,3,0,3.69
826,Terai,37,2,3,1,2.4
827,Hill,24,5,4,0,3.16
828,Terai,23,4,3,0,2.83
829,Hill,25,2,3,0,2.6
830,Mountain,37,5,4,0,3.27
831,Terai,24,4,4,0,2.46
832,Mountain,38,5,1,0,2.63
833,Mountain,18,3,4,0,2.99
834,Hill,30,2,4,0,3.13
835,Hill,35,5,4,0,3.05
836,Terai,30,3,1,0,2.71
837,Hill,36,5,4,1,2.12
838,Hill,31,2,3,0,2.35
839,Terai,24,1,4,1,2.43
840,Hill,42,5,2,0,2.2
841,Terai,32,3,2,1,3.23
842,Terai,37,5,4,1,2.79
843,Terai,36,3,2,1,2.86
844,Hill,23,4,0,0,2.56
845,Mountain,35,3,4,0,3.04
846,Terai,35,1,1,1,3.49
847,Hill,26,3,3,0,2.29
848,Mountain,39,4,3,0,2.96
849,Hill,39,4,3,1,3.14
850,Hill,26,5,4,0,2.6
851,Hill,35,2,4,1,2.3
852,Terai,42,5,3,1,3.36
853,Terai,20,3,3,1,3.4
854,Hill,28,3,3,1,3.4
855,Terai,33,5,4,1,2.3
856,Hill,29,4,5,1,4.03
857,Terai,39,4,4,0,2.74
858,Hill,33,4,2,0,2.85
859,Hill,21,4,4,1,3.98
860,Hill,19,2,4,0,2.53
861,Hill,19,5,4,1,4.06
862,Hill,29,4,3,0,2.99
863,Terai,36,4,2,0,2.27
864,Hill,26,3,3,0,3.69
865,Hill,22,5,4,0,2.88
866,Hill,42,3,3,0,2.41
867,Terai,18,4,3,0,2.98
868,Terai,27,2,3,0,3.34
869,Terai,16,5,5,1,3.3
870,Hill,30,3,3,0,3.16
871,Hill,21,4,3,1,2.46
872,Terai,29,3,6,1,2.78
873,Terai,31,2,3,0,2.65
874,Mountain,16,4,3,1,3.57
875,Hill,27,4,5,1,3.13
876,Hill,21,3,3,1,2.76
877,Mountain,21,5,6,1,2.49
878,Terai,41,3,3,1,2.27
879,Hill,29,3,5,0,2.99
880,Hill,19,2,2,0,3.18
881,Terai,32,5,3,0,3.31
882,Terai,27,4,5,1,3.23
883,Hill,18,5,2,1,2.62
884,Terai,30,3,4,1,3.15
885,Terai,32,5,4,1,3.52
886,Terai,17,1,1,0,1.94
887,Hill,28,1,3,1,3.59
888,Terai,42,2,4,1,2.92
889,Mountain,34,3,3,1,2.53
890,Hill,35,2,2,1,3.46
891,Hill,22,2,3,0,2.04
892,Hill,39,4,3,1,1.76
893,Terai,21,5,6,1,2.77
894,Terai,29,1,3,1,2.87
895,Terai,37,4,4,0,2.93
896,Hill,42,1,2,0,2.9
897,Terai,17,3,3,0,2.58
898,Hill,24,2,3,0,3.17
899,Terai,26,2,2,0,3.22
900,Terai,25,1,2,1,2.8
901,Terai,30,5,4,0,2.95
902,Terai,23,4,2,1,2.82
903,Terai,32,1,1,0,2.24
904,Hill,33,1,3,0,3.74
905,Terai,21,2,1,0,2.61
906,Terai,35,1,3,0,3.1
907,Hill,18,4,2,1,2.31
908,Mountain,39,2,2,0,2.62
909,Terai,37,5,3,0,2.97
910,Hill,22,2,4,1,2.77
911,Hill,31,3,4,0,2.99
912,Terai,41,1,0,0,2.47
913,Terai,18,4,2,1,2.88
914,Hill,27,4,3,1,2.93
915,Hill,19,5,4,0,2.8
916,Terai,20,5,4,0,3.62
917,Terai,23,4,3,1,3.23
918,Terai,29,3,5,0,2.75
919,Terai,29,1,2,1,2.94
920,Terai,18,4,2,0,3.23
921,Terai,34,3,2,0,2.76
922,Hill,30,1,3,0,2.39
923,Hill,32,4,3,1,2.63
924,Terai,16,5,2,1,3.77
925,Terai,33,1,4,1,2.34
926,Hill,37,1,3,0,2.59
927,Hill,28,4,3,0,2.93
928,Terai,39,2,2,1,2.47
929,Hill,28,5,2,0,3.01
930,Hill,16,3,3,0,2.89
931,Terai,42,4,2,1,3.1
932,Terai,37,1,2,1,2.53
933,Terai,23,4,4,1,3.36
934,Terai,38,3,5,0,3.06
935,Hill,32,1,1,0,3.35
936,Hill,38,4,4,1,3.45
937,Terai,18,2,1,1,2.76
938,Terai,29,3,3,0,2.34
939,Terai,20,2,2,1,2.69
940,Mountain,38,5,3,0,2.57
941,Terai,37,2,4,0,3.46
942,Hill,42,2,2,1,2.71
943,Hill,36,2,2,1,2.57
944,Hill,42,2,4,1,2.4
945,Mountain,26,4,3,1,2.61
946,Terai,22,5,5,1,3.54
947,Terai,19,2,3,0,2.61
948,Terai,18,5,4,1,3.6
949,Terai,20,2,3,0,2.77
950,Hill,37,5,4,1,3.02
951,Hill,33,1,3,0,1.89
952,Hill,22,1,4,1,2.76
953,Hill,32,1,2,0,2.26
954,Hill,32,3,5,1,3.23
955,Terai,23,5,4,1,3.12
956,Terai,27,1,4,1,2.35
957,Terai,39,5,4,1,3.52
958,Terai,29,3,5,0,2.59
959,Mountain,25,2,1,0,2.89
960,Hill,39,4,4,0,2.86
961,Terai,28,4,4,1,2.88
962,Terai,19,4,4,1,2.53
963,Terai,29,5,5,1,3.65
964,Hill,35,2,3,1,2.99
965,Hill,31,1,1,1,2.08
966,Mountain,38,3,2,1,2.44
967,Hill,23,2,1,0,2.94
968,Terai,30,1,2,1,2.56
969,Mountain,33,4,3,1,2.99
970,Hill,38,3,3,1,3.01
971,Terai,29,4,5,0,2.96
972,Terai,28,3,1,0,2.39
973,Mountain,34,5,3,1,3.67
974,Hill,16,5,3,1,3.43
975,Hill,29,1,3,0,2.99
976,Terai,17,4,2,0,2.71
977,Terai,31,5,3,0,3.15
978,Hill,17,4,2,1,2.25
979,Hill,24,3,3,1,2.99
980,Terai,17,1,3,0,2.32
981,Mountain,33,4,3,0,3.26
982,Hill,35,3,2,0,2.44
983,Terai,34,4,4,1,2.48
984,Hill,17,2,4,0,2.46
985,Hill,41,2,3,1,2.66
986,Terai,42,3,3,1,1.91
987,Terai,32,3,3,1,3.28
988,Terai,20,2,2,1,2.83
989,Terai,34,3,2,0,3.71
990,Hill,31,2,1,0,2.56
991,Hill,39,3,4,0,2.34
992,Terai,27,4,5,1,3.39
993,Hill,28,5,3,0,2.81
994,Terai,28,3,2,0,2.78
995,Terai,25,3,2,0,2.81
996,Terai,16,3,3,1,3.06
997,Mountain,34,2,3,0,2.8
998,Hill,29,4,3,1,3.12
999,Terai,21,1,2,1,2.35
1000,Terai,35,1,1,0,2.69
1001,Terai,22,1,3,0,2.5
1002,Mountain,27,1,1,0,2.81
1003,Hill,26,5,5,1,3.23
1004,Mountain,26,2,3,0,3.27
1005,Hill,29,3,1,0,2.26
1006,Mountain,29,1,3,0,2.9
1007,Hill,31,5,5,1,2.9
1008,Hill,19,1,2,0,2.83
1009,Mountain,41,3,2,1,2.41
1010,Terai,18,5,2,1,3.26
1011,Terai,22,5,2,1,3.0
1012,Terai,38,1,2,1,2.69
1013,Terai,22,2,3,0,3.53
1014,Hill,26,3,4,1,3.24
1015,Hill,37,2,3,0,2.76
1016,Hill,41,3,3,1,3.24
1017,Terai,32,3,3,1,2.67
1018,Terai,40,3,2,1,2.92
1019,Terai,37,1,3,0,2.92
1020,Hill,22,1,1,1,3.48
1021,Hill,37,2,3,0,3.64
1022,Hill,18,2,2,1,2.93
1023,Terai,34,4,4,0,3.22
1024,Hill,37,4,3,1,2.31
1025,Terai,31,2,2,0,2.62
1026,Terai,28,1,5,0,2.34
1027,Hill,23,1,3,1,3.42
1028,Terai,17,3,4,1,2.93
1029,Terai,36,4,3,1,2.56
1030,Hill,33,4,5,1,3.14
1031,Hill,37,4,3,0,3.52
1032,Hill,21,2,5,0,2.95
1033,Hill,31,4,6,1,2.96
1034,Hill,33,1,1,0,3.1
1035,Terai,34,2,3,1,2.94
1036,Terai,40,1,2,0,2.61
1037,Terai,38,1,3,0,2.15
1038,Hill,37,5,4,0,2.99
1039,Terai,30,3,5,1,2.89
1040,Hill,39,1,4,1,3.11
1041,Terai,42,4,4,1,2.91
1042,Hill,16,2,4,0,2.76
1043,Terai,34,5,4,1,3.2
1044,Hill,36,4,4,0,3.31
1045,Hill,16,1,2,0,3.49
1046,Hill,29,1,2,1,2.2
1047,Hill,33,1,2,1,2.38
1048,Terai,35,1,1,0,3.38
1049,Hill,32,4,3,0,2.91
1050,Terai,32,4,5,1,2.69
1051,Terai,19,5,4,0,3.19
1052,Hill,41,5,4,1,3.68
1053,Terai,28,3,3,1,3.0
1054,Terai,16,5,4,1,3.11
1055,Hill,22,4,3,0,3.08
1056,Terai,34,4,4,0,2.82
1057,Terai,31,4,5,0,2.6
1058,Terai,39,3,4,1,3.76
1059,Hill,26,1,6,1,2.61
1060,Hill,28,4,3,0,2.95
1061,Hill,26,3,3,0,3.44
1062,Terai,39,4,3,0,2.49
1063,Hill,33,5,3,1,2.69
1064,Hill,42,2,3,0,3.18
1065,Hill,33,3,2,0,2.81
1066,Terai,42,4,4,1,3.11
1067,Terai,37,3,5,0,3.04
1068,Mountain,38,4,2,1,3.79
1069,Terai,28,3,4,1,2.64
1070,Hill,42,1,5,1,2.48
1071,Mountain,26,2,4,0,3.15
1072,Mountain,21,5,4,0,3.5
1073,Hill,19,5,5,1,2.97
1074,Mountain,30,3,4,0,2.78
1075,Hill,20,4,4,1,2.16
1076,Mountain,32,2,2,0,2.38
1077,Hill,25,4,5,1,2.96
1078,Mountain,26,4,4,0,2.98
1079,Hill,40,3,4,1,2.85
1080,Terai,30,2,4,1,2.91
1081,Terai,18,2,4,0,2.99
1082,Hill,21,3,2,0,3.55
1083,Mountain,25,1,0,0,2.48
1084,Terai,21,4,5,1,3.43
1085,Mountain,20,5,3,0,2.59
1086,Mountain,41,3,1,0,2.73
1087,Terai,28,2,2,0,2.57
1088,Terai,17,3,2,0,2.57
1089,Terai,24,5,5,1,3.04
1090,Hill,34,5,3,0,3.33
1091,Terai,18,1,3,1,2.54
1092,Terai,36,4,4,1,2.24
1093,Mountain,33,4,2,1,3.32
1094,Terai,34,3,3,1,3.66
1095,Terai,38,1,4,1,3.01
1096,Terai,38,4,3,0,2.95
1097,Hill,21,1,2,1,2.62
1098,Terai,23,3,3,0,3.09
1099,Terai,35,2,5,0,3.76
1100,Terai,42,5,3,1,3.28
1101,Hill,27,5,3,0,2.73
1102,Hill,34,1,3,1,3.04
1103,Terai,18,4,4,1,2.62
1104,Hill,40,3,1,0,3.3
1105,Terai,42,2,2,0,2.75
1106,Hill,39,5,2,0,3.27
1107,Hill,17,3,2,0,2.75
1108,Hill,38,5,2,0,2.08
1109,Terai,29,3,0,0,2.88
1110,Terai,25,1,4,0,2.55
1111,Hill,40,5,3,0,3.07
1112,Hill,27,1,2,0,3.21
1113,Hill,29,4,1,0,2.33
1114,Terai,28,5,4,0,2.75
1115,Hill,30,5,4,1,2.58
1116,Hill,31,2,2,1,2.74
1117,Hill,33,5,2,0,3.1
1118,Hill,29,2,4,0,2.85
1119,Hill,42,4,3,0,3.11
1120,Hill,20,3,3,1,3.22
1121,Hill,38,4,4,0,3.46
1122,Terai,24,4,3,0,2.02
1123,Terai,42,4,3,0,2.38
1124,Terai,19,4,3,1,2.95
1125,Hill,36,1,3,0,2.37
1126,Hill,41,2,2,0,3.07
1127,Terai,41,4,2,0,3.41
1128,Hill,16,2,1,0,2.36
1129,Hill,24,5,3,1,3.0
1130,Mountain,21,5,4,1,2.97
1131,Hill,35,2,2,0,3.18
1132,Mountain,34,3,1,0,2.57
1133,Terai,40,3,4,1,2.85
1134,Terai,41,1,3,0,3.03
1135,Mountain,29,1,2,1,2.65
1136,Hill,16,3,3,1,2.59
1137,Terai,32,3,2,0,3.46
1138,Hill,31,3,3,1,2.5
1139,Terai,27,2,4,0,2.55
1140,Hill,33,1,1,0,3.46
1141,Hill,37,4,4,1,2.97
1142,Terai,24,2,4,1,3.22
1143,Terai,29,5,2,0,2.57
1144,Terai,28,2,2,0,1.9
1145,Hill,32,4,4,0,3.34
1146,Hill,20,5,3,0,2.96
1147,Hill,25,3,3,0,2.41
1148,Terai,42,4,3,1,3.03
1149,Terai,30,1,2,1,2.62
1150,Hill,29,5,2,0,2.95
1151,Hill,40,4,6,0,3.41
1152,Terai,39,5,5,1,2.78
1153,Hill,42,1,0,0,2.93
1154,Hill,25,5,2,1,2.8
1155,Terai,37,5,4,0,3.33
1156,Hill,26,4,5,0,3.48
1157,Terai,18,4,4,1,3.66
1158,Hill,31,1,2,0,3.17
1159,Hill,38,1,2,0,2.21
1160,Hill,32,3,2,0,2.34
1161,Mountain,34,1,3,0,3.2
1162,Hill,22,3,1,1,2.51
1163,Hill,31,1,3,0,2.51
1164,Mountain,25,5,4,0,2.8
1165,Mountain,42,1,1,0,3.66
1166,Mountain,19,5,4,0,2.41
1167,Terai,25,4,5,1,3.02
1168,Mountain,42,4,3,0,2.97
1169,Terai,26,3,4,0,3.12
1170,Terai,35,5,3,1,2.86
1171,Terai,35,1,2,0,2.59
1172,Mountain,17,1,2,0,2.79
1173,Hill,31,3,4,1,3.0
1174,Hill,38,3,4,0,2.8
1175,Terai,35,2,2,0,2.81
1176,Hill,36,3,2,0,3.02
1177,Hill,26,4,3,0,2.47
1178,Hill,25,3,4,1,2.52
1179,Hill,28,4,4,1,3.57
1180,Hill,34,1,2,1,2.77
1181,Terai,41,4,4,0,3.51
1182,Hill,34,2,3,0,2.5
1183,Terai,30,2,3,1,3.12
1184,Terai,37,4,3,1,2.53
1185,Terai,35,3,3,1,3.2
1186,Terai,37,4,3,0,3.01
1187,Terai,17,1,2,0,3.16
1188,Terai,38,4,4,1,2.62
1189,Mountain,40,1,3,0,3.09
1190,Hill,28,3,4,1,2.68
1191,Terai,16,1,3,0,2.39
1192,Hill,20,2,5,0,3.11
1193,Terai,19,2,4,0,2.39
1194,Hill,31,3,1,1,2.99
1195,Hill,32,5,4,1,3.0
1196,Terai,25,5,5,1,3.29
1197,Hill,39,1,3,1,2.79
1198,Hill,17,2,2,1,2.8
1199,Terai,37,3,2,0,2.73
1200,Hill,21,2,3,1,2.58
1201,Terai,21,4,4,0,2.62
1202,Hill,21,4,4,1,3.25
1203,Hill,27,2,4,1,2.74
1204,Terai,33,3,2,1,3.53
1205,Hill,17,5,3,0,3.45
1206,Hill,42,1,3,1,2.55
1207,Mountain,19,4,1,0,3.06
1208,Mountain,34,3,4,0,3.4
1209,Hill,42,5,3,1,2.69
1210,Terai,37,5,4,1,2.29
1211,Terai,34,4,5,1,3.41
1212,Terai,18,4,3,0,2.65
1213,Hill,34,4,2,0,2.23
1214,Hill,38,3,4,0,2.98
1215,Hill,23,4,2,0,2.75
1216,Hill,16,1,3,0,3.01
1217,Terai,24,4,3,0,3.52
1218,Hill,22,5,5,1,3.79
1219,Terai,17,5,4,1,3.33
1220,Terai,31,3,2,1,3.13
1221,Hill,17,2,3,0,2.36
1222,Hill,26,2,1,0,3.26
1223,Mountain,19,5,4,1,3.35
1224,Terai,22,1,2,0,2.39
1225,Terai,28,2,2,1,2.64
1226,Terai,37,1,3,0,2.32
1227,Hill,18,2,1,0,2.68
1228,Terai,17,1,2,1,2.52
1229,Hill,26,1,4,0,2.79
1230,Terai,19,3,4,1,2.17
1231,Terai,41,5,4,1,3.52
1232,Hill,17,2,3,1,2.78
1233,Terai,19,2,1,0,2.49
1234,Hill,18,4,2,0,2.84
1235,Hill,29,1,4,0,2.37
1236,Terai,20,3,4,0,3.13
1237,Hill,21,4,3,0,2.89
1238,Terai,36,4,4,0,2.68
1239,Terai,31,5,5,0,3.16
1240,Hill,35,3,3,0,2.61
1241,Terai,24,4,2,1,2.87
1242,Hill,34,3,4,0,2.68
1243,Hill,27,2,3,0,3.39
1244,Hill,30,5,5,1,3.31
1245,Hill,32,5,5,1,3.22
1246,Hill,20,5,3,1,3.22
1247,Terai,23,5,4,0,3.39
1248,Hill,18,1,3,0,3.43
1249,Hill,28,5,3,1,3.04
1250,Terai,37,4,5,0,3.28
1251,Hill,24,1,3,0,2.96
1252,Hill,42,1,0,0,2.97
1253,Hill,41,5,5,1,3.34
1254,Terai,41,4,2,0,2.64
1255,Terai,24,2,6,0,3.03
1256,Terai,29,3,4,1,2.64
1257,Terai,34,4,3,0,2.7
1258,Mountain,37,1,2,0,2.59
1259,Hill,40,3,3,1,2.55
1260,Mountain,27,4,4,0,3.53
1261,Hill,20,5,2,0,2.8
1262,Terai,17,2,4,1,3.23
1263,Terai,38,3,1,0,2.96
1264,Hill,17,4,3,0,2.77
1265,Terai,30,2,2,0,3.14
1266,Terai,19,5,2,1,1.76
1267,Terai,23,2,2,0,2.37
1268,Hill,39,3,3,1,3.6
1269,Terai,25,2,3,1,2.84
1270,Hill,41,1,2,0,2.52
1271,Mountain,24,2,2,0,3.08
1272,Hill,39,4,2,0,2.41
1273,Terai,35,5,4,1,2.37
1274,Hill,32,5,5,1,2.81
1275,Hill,19,4,3,1,2.36
1276,Terai,31,2,3,0,2.57
1277,Hill,22,4,4,1,2.83
1278,Terai,36,4,4,1,2.89
1279,Terai,35,2,0,0,2.51
1280,Hill,25,4,4,0,2.33
1281,Mountain,22,3,1,1,2.69
1282,Hill,42,2,3,0,2.01
1283,Terai,18,3,3,0,2.59
1284,Terai,17,1,1,1,3.33
1285,Terai,33,4,3,1,3.11
1286,Hill,42,2,2,1,2.32
1287,Mountain,25,4,4,1,3.06
1288,Terai,36,2,1,0,2.69
1289,Terai,19,2,3,0,2.58
1290,Terai,35,4,3,1,2.39
1291,Terai,17,3,3,0,2.93
1292,Hill,33,3,3,0,2.97
1293,Terai,27,4,3,1,3.25
1294,Terai,36,4,5,1,3.2
1295,Terai,29,1,3,1,3.52
1296,Hill,27,5,4,1,3.08
1297,Terai,26,4,5,1,1.61
1298,Terai,24,5,4,1,2.56
1299,Mountain,32,5,2,0,3.08
1300,Terai,27,4,4,0,2.53
1301,Hill,31,4,4,1,3.46
1302,Terai,30,3,3,0,2.16
1303,Terai,40,4,3,0,2.67
1304,Terai,36,4,5,1,2.76
1305,Hill,27,4,4,0,2.67
1306,Terai,23,2,4,1,3.38
1307,Hill,42,1,6,0,2.58
1308,Hill,24,3,4,1,3.1
1309,Hill,26,2,4,0,2.54
1310,Terai,21,1,3,0,3.25
1311,Hill,20,5,3,1,3.36
1312,Hill,42,2,2,0,3.59
1313,Hill,32,3,4,1,2.51
1314,Terai,37,3,2,0,2.8
1315,Terai,37,2,0,0,2.9
1316,Terai,36,1,3,0,2.64
1317,Hill,23,4,5,0,2.67
1318,Terai,41,5,6,1,2.43
1319,Hill,19,5,5,1,3.19
1320,Mountain,30,3,1,1,2.88
1321,Terai,20,5,3,0,2.98
1322,Terai,29,4,5,1,3.01
1323,Hill,36,3,3,0,2.71
1324,Hill,26,2,2,0,2.58
1325,Hill,25,4,3,0,1.81
1326,Hill,27,4,2,0,3.14
1327,Hill,23,1,2,0,2.67
1328,Terai,22,5,1,1,3.02
1329,Hill,25,3,2,0,2.38
1330,Terai,19,3,3,1,2.51
1331,Mountain,24,3,2,0,2.59
1332,Hill,31,2,2,1,2.73
1333,Terai,18,2,1,1,2.48
1334,Terai,41,5,3,1,3.23
1335,Mountain,16,3,4,0,3.03
1336,Hill,22,5,3,0,3.16
1337,Hill,20,1,4,0,2.93
1338,Terai,32,3,4,1,2.9
1339,Hill,18,2,4,0,2.55
1340,Hill,36,1,1,0,2.32
1341,Hill,17,2,4,0,2.18
1342,Hill,18,1,5,1,1.99
1343,Terai,31,2,2,0,2.46
1344,Hill,17,1,4,0,3.18
1345,Terai,30,4,2,1,2.72
1346,Hill,32,4,5,1,2.88
1347,Hill,40,1,2,0,2.68
1348,Terai,40,3,3,1,2.7
1349,Hill,25,2,3,1,2.23
1350,Hill,25,4,4,1,2.51
1351,Hill,18,3,4,1,3.53
1352,Mountain,20,3,3,1,2.73
1353,Hill,40,5,5,0,3.55
1354,Mountain,32,4,4,1,3.3
1355,Hill,27,4,3,1,2.73
1356,Terai,19,3,4,1,3.53
1357,Terai,32,2,7,0,3.16
1358,Terai,25,1,0,0,1.83
1359,Terai,27,3,3,0,2.6
1360,Hill,18,3,4,1,3.08
1361,Hill,33,2,2,0,2.06
1362,Hill,17,5,2,1,3.01
1363,Hill,26,1,2,0,3.05
1364,Terai,33,4,4,1,2.87
1365,Hill,41,3,1,0,2.88
1366,Hill,17,2,1,0,2.65
1367,Hill,31,1,1,0,2.84
1368,Hill,27,2,2,0,2.96
1369,Terai,35,1,3,1,2.6
1370,Mountain,24,2,3,0,1.85
1371,Terai,34,2,3,1,2.46
1372,Hill,28,2,1,0,2.52
1373,Terai,38,4,2,0,3.36
1374,Terai,27,1,2,0,2.67
1375,Hill,32,1,3,0,1.88
1376,Hill,42,5,3,0,3.16
1377,Hill,30,1,2,0,2.35
1378,Hill,29,5,4,0,2.9
1379,Terai,38,1,3,0,2.98
1380,Hill,33,2,2,0,3.04
1381,Hill,38,5,2,1,4.08
1382,Hill,41,4,2,0,3.38
1383,Hill,24,2,2,0,2.76
1384,Terai,36,1,3,0,3.07
1385,Hill,17,5,3,0,3.13
1386,Terai,30,1,5,0,2.35
1387,Terai,17,5,4,1,2.96
1388,Terai,23,3,5,1,3.39
1389,Hill,19,4,3,0,3.3
1390,Terai,36,4,3,0,3.16
1391,Hill,17,5,3,0,3.61
1392,Terai,38,1,2,1,2.9
1393,Terai,32,1,2,0,3.12
1394,Terai,30,5,5,1,2.9
1395,Hill,21,1,0,1,2.28
1396,Terai,37,2,4,1,2.99
1397,Terai,26,2,3,0,3.18
1398,Hill,17,1,1,1,2.88
1399,Hill,19,1,2,1,2.94
1400,Terai,30,5,5,1,3.74
1401,Hill,17,1,2,0,2.73
1402,Terai,37,2,3,0,3.12
1403,Terai,23,3,5,1,2.86
1404,Mountain,16,2,2,1,2.74
1405,Terai,37,1,1,0,2.99
1406,Hill,30,5,5,1,3.89
1407,Terai,38,1,3,0,2.62
1408,Hill,18,1,1,0,2.24
1409,Hill,32,3,2,0,3.28
1410,Mountain,33,2,2,0,3.38
1411,Hill,39,3,3,0,3.02
1412,Mountain,29,2,4,1,2.74
1413,Hill,42,1,2,0,2.77
1414,Terai,21,3,2,0,2.77
1415,Hill,19,5,5,1,2.51
1416,Terai,21,3,4,1,3.01
1417,Terai,32,2,3,0,3.22
1418,Hill,32,2,2,0,2.55
1419,Hill,32,5,3,0,3.61
1420,Hill,30,3,3,1,2.1
1421,Hill,37,4,2,1,3.3
1422,Terai,25,2,2,0,2.13
1423,Terai,18,2,3,1,2.61
1424,Terai,28,3,3,0,2.49
1425,Hill,21,1,4,1,2.38
1426,Hill,25,4,5,1,3.9
1427,Terai,25,4,5,1,3.02
1428,Mountain,20,5,4,0,3.72
1429,Hill,38,1,2,0,3.53
1430,Hill,34,1,4,0,2.99
1431,Terai,19,4,4,1,2.86
1432,Hill,34,2,1,0,2.59
1433,Hill,40,2,0,1,2.31
1434,Terai,37,3,2,1,2.98
1435,Terai,18,3,1,0,3.29
1436,Terai,41,5,3,0,2.7
1437,Hill,35,5,5,1,2.76
1438,Hill,40,1,4,1,2.75
1439,Hill,41,1,2,0,3.37
1440,Hill,31,4,2,1,2.81
1441,Hill,30,3,1,0,3.47
1442,Terai,38,3,3,1,2.39
1443,Terai,28,4,5,0,3.22
1444,Terai,24,3,2,0,3.47
1445,Terai,23,5,1,0,2.61
1446,Hill,42,1,2,1,2.48
1447,Hill,32,3,4,1,3.32
1448,Terai,37,2,3,0,2.73
1449,Hill,29,4,5,0,3.24
1450,Terai,33,2,3,0,3.06
1451,Terai,39,1,3,1,3.22
1452,Hill,22,3,1,1,3.53
1453,Hill,27,1,3,1,2.37
1454,Terai,42,2,5,0,2.93
1455,Terai,36,2,2,0,3.22
1456,Terai,18,5,3,1,3.33
1457,Hill,31,2,2,0,3.07
1458,Hill,33,4,3,0,2.68
1459,Terai,41,4,2,1,3.18
1460,Hill,25,5,1,0,2.6
1461,Terai,20,4,3,0,3.57
1462,Terai,25,2,4,1,2.73
1463,Terai,18,4,4,0,1.89
1464,Hill,17,3,1,0,1.65
1465,Hill,19,3,4,1,3.22
1466,Hill,41,4,5,1,3.76
1467,Terai,32,2,3,0,2.98
1468,Hill,25,1,1,0,2.9
1469,Mountain,38,4,3,0,3.03
1470,Hill,18,1,2,1,2.69
1471,Hill,30,3,4,0,2.79
1472,Terai,29,3,2,0,2.17
1473,Hill,30,2,2,1,2.75
1474,Terai,29,3,3,0,3.1
1475,Terai,26,1,1,0,2.48
1476,Terai,24,1,5,1,2.96
1477,Terai,42,4,4,1,3.3
1478,Hill,36,3,4,1,2.24
1479,Terai,35,1,1,0,2.74
1480,Hill,19,1,1,1,2.55
1481,Terai,16,5,5,1,3.56
1482,Terai,22,1,2,1,2.93
1483,Hill,31,4,5,1,3.2
1484,Terai,24,4,3,0,2.22
1485,Mountain,32,3,0,0,3.09
1486,Hill,39,4,3,1,2.6
1487,Hill,42,3,4,0,2.57
1488,Mountain,28,5,2,1,2.82
1489,Terai,33,4,3,0,3.15
1490,Terai,29,4,5,0,2.82
1491,Terai,41,2,3,1,3.62
1492,Hill,38,4,3,0,3.66
1493,Terai,29,3,1,0,2.57
1494,Terai,22,3,3,0,2.93
1495,Terai,30,2,2,0,2.42
1496,Terai,27,1,2,1,2.14
1497,Terai,22,1,2,0,2.29
1498,Hill,24,4,4,1,3.33
1499,Terai,42,4,0,0,2.77
1500,Hill,35,1,3,1,2.44
