year,month,mean_temp_c,rain_mm
1991,1,10.03,43.3
1991,2,10.66,19.5
1991,3,14.46,22.3
1991,4,16.52,47.2
1991,5,22.54,21.3
1991,6,25.3,383.8
1991,7,25.88,617.1
1991,8,23.72,481.2
1991,9,20.46,144.9
1991,10,17.05,9.3
1991,11,14.72,20.2
1991,12,11.38,32.6
1992,1,10.47,37.8
1992,2,10.45,27.3
1992,3,14.91,10.7
1992,4,17.36,7.8
1992,5,22.45,15.2
1992,6,25.62,350.3
1992,7,26.79,199.4
1992,8,25.44,130.8
1992,9,21.83,336.0
1992,10,18.02,27.3
1992,11,14.51,21.7
1992,12,10.68,38.5
1993,1,9.92,31.3
1993,2,12.56,8.8
1993,3,14.43,21.8
1993,4,19.07,10.9
1993,5,23.1,8.6
1993,6,23.94,290.8
1993,7,27.68,144.8
1993,8,25.55,816.9
1993,9,21.46,266.6
1993,10,17.9,15.2
1993,11,14.31,21.8
1993,12,10.1,17.6
1994,1,9.94,9.6
1994,2,11.59,58.5
1994,3,13.72,9.6
1994,4,20.15,14.4
1994,5,22.57,14.3
1994,6,24.74,283.3
1994,7,26.11,686.7
1994,8,25.28,97.5
1994,9,22.73,165.5
1994,10,18.52,42.7
1994,11,14.9,21.6
1994,12,10.58,17.6
1995,1,9.68,21.8
1995,2,10.92,6.7
1995,3,14.3,38.5
1995,4,17.61,15.3
1995,5,22.73,52.6
1995,6,24.39,311.8
1995,7,26.57,576.6
1995,8,25.19,158.7
1995,9,23.03,150.8
1995,10,17.75,31.1
1995,11,14.37,26.9
1995,12,10.83,21.0
1996,1,10.46,23.1
1996,2,10.16,35.3
1996,3,13.56,20.6
1996,4,18.38,16.7
1996,5,21.47,42.5
1996,6,24.14,257.8
1996,7,27.58,174.4
1996,8,25.51,164.7
1996,9,22.95,289.8
1996,10,18.91,24.9
1996,11,13.83,21.4
1996,12,10.47,33.8
1997,1,9.31,27.6
1997,2,12.02,17.3
1997,3,13.82,21.5
1997,4,16.33,25.3
1997,5,21.62,9.4
1997,6,24.35,384.0
1997,7,26.16,741.6
1997,8,23.58,425.8
1997,9,21.84,267.3
1997,10,17.49,9.4
1997,11,14.01,18.9
1997,12,12.63,18.3
1998,1,10.96,32.6
1998,2,10.97,33.0
1998,3,14.85,16.3
1998,4,19.22,27.6
1998,5,23.44,11.0
1998,6,25.13,127.6
1998,7,26.49,222.7
1998,8,24.79,117.9
1998,9,22.42,314.0
1998,10,18.25,29.0
1998,11,15.15,24.7
1998,12,11.71,12.5
1999,1,11.46,27.2
1999,2,11.58,17.6
1999,3,13.71,26.4
1999,4,19.3,17.3
1999,5,22.06,18.8
1999,6,24.25,313.7
1999,7,25.22,522.3
1999,8,25.32,126.5
1999,9,22.61,224.6
1999,10,17.73,15.5
1999,11,16.57,14.9
1999,12,11.28,22.4
2000,1,10.37,15.0
2000,2,13.45,41.8
2000,3,14.16,14.0
2000,4,18.13,54.7
2000,5,22.98,25.2
2000,6,25.47,472.4
2000,7,25.99,802.8
2000,8,25.14,252.7
2000,9,21.76,31.1
2000,10,18.72,20.4
2000,11,14.62,27.7
2000,12,11.16,29.9
2001,1,11.77,44.6
2001,2,9.61,30.4
2001,3,15.07,21.4
2001,4,17.1,28.7
2001,5,22.58,28.9
2001,6,25.48,254.8
2001,7,26.7,325.9
2001,8,26.62,373.6
2001,9,22.61,168.1
2001,10,18.4,26.1
2001,11,13.29,16.5
2001,12,12.65,4.7
2002,1,9.9,28.5
2002,2,11.69,47.2
2002,3,14.68,27.7
2002,4,18.76,20.5
2002,5,22.3,20.3
2002,6,25.22,192.0
2002,7,27.12,801.0
2002,8,25.17,314.0
2002,9,23.09,242.8
2002,10,18.3,9.8
2002,11,13.37,10.9
2002,12,11.34,8.2
2003,1,12.09,9.4
2003,2,10.88,17.5
2003,3,13.2,42.2
2003,4,17.76,19.8
2003,5,22.08,36.0
2003,6,24.94,276.8
2003,7,27.44,343.1
2003,8,25.65,324.0
2003,9,23.22,496.7
2003,10,18.21,30.5
2003,11,14.35,12.4
2003,12,12.01,24.7
2004,1,8.38,32.5
2004,2,10.88,32.1
2004,3,13.15,36.0
2004,4,18.57,22.2
2004,5,21.16,24.1
2004,6,24.32,414.0
2004,7,24.73,416.1
2004,8,25.57,198.8
2004,9,21.8,274.5
2004,10,18.13,40.3
2004,11,14.07,11.0
2004,12,12.05,19.2
2005,1,9.6,12.8
2005,2,11.77,26.6
2005,3,15.01,33.6
2005,4,19.25,19.6
2005,5,22.8,22.5
2005,6,24.35,499.1
2005,7,26.29,193.3
2005,8,26.37,658.3
2005,9,21.17,147.7
2005,10,17.67,39.1
2005,11,14.4,29.3
2005,12,10.77,13.9
2006,1,10.72,30.6
2006,2,10.44,16.8
2006,3,13.37,17.1
2006,4,19.33,38.4
2006,5,22.28,38.4
2006,6,25.65,478.4
2006,7,25.96,437.9
2006,8,25.76,427.1
2006,9,21.17,140.9
2006,10,17.71,10.3
2006,11,13.72,20.8
2006,12,11.71,49.8
2007,1,11.5,26.5
2007,2,11.35,13.1
2007,3,13.56,42.7
2007,4,16.86,33.6
2007,5,21.85,36.8
2007,6,25.61,92.2
2007,7,25.05,69.9
2007,8,27.24,283.8
2007,9,22.57,192.6
2007,10,19.79,11.1
2007,11,14.76,9.7
2007,12,13.11,13.3
2008,1,10.55,21.0
2008,2,11.76,27.0
2008,3,15.54,35.4
2008,4,17.25,39.2
2008,5,22.63,12.3
2008,6,24.42,543.0
2008,7,26.41,398.2
2008,8,24.3,387.3
2008,9,22.93,290.4
2008,10,18.7,18.7
2008,11,14.43,15.9
2008,12,11.87,62.1
2009,1,10.79,45.3
2009,2,10.22,11.4
2009,3,16.49,27.9
2009,4,18.36,37.4
2009,5,21.5,39.1
2009,6,26.38,504.5
2009,7,25.65,663.9
2009,8,26.16,195.8
2009,9,22.62,181.2
2009,10,18.73,6.9
2009,11,14.22,32.0
2009,12,12.98,19.4
2010,1,11.68,49.1
2010,2,10.93,23.1
2010,3,14.32,47.1
2010,4,18.69,27.3
2010,5,23.24,35.1
2010,6,25.58,735.2
2010,7,26.42,1099.0
2010,8,24.62,550.0
2010,9,22.17,270.5
2010,10,17.96,16.9
2010,11,15.5,15.3
2010,12,13.27,16.9
2011,1,11.65,21.1
2011,2,12.03,31.9
2011,3,14.66,40.6
2011,4,17.76,44.6
2011,5,22.15,19.3
2011,6,26.32,83.8
2011,7,26.49,400.9
2011,8,24.36,599.5
2011,9,22.3,164.4
2011,10,19.19,27.8
2011,11,13.84,17.7
2011,12,11.77,25.8
2012,1,10.42,25.6
2012,2,12.99,14.7
2012,3,15.7,25.7
2012,4,18.16,8.9
2012,5,23.59,13.7
2012,6,24.66,170.3
2012,7,26.63,618.6
2012,8,24.73,121.2
2012,9,21.77,97.3
2012,10,18.1,6.4
2012,11,13.96,10.9
2012,12,12.63,11.7
2013,1,9.86,39.3
2013,2,11.08,22.6
2013,3,13.55,18.6
2013,4,20.4,52.3
2013,5,22.55,31.7
2013,6,25.81,116.0
2013,7,26.1,364.3
2013,8,26.15,450.7
2013,9,23.2,215.0
2013,10,17.93,3.2
2013,11,16.38,29.0
2013,12,12.44,29.5
2014,1,10.28,23.8
2014,2,11.25,12.0
2014,3,15.46,31.6
2014,4,19.09,69.8
2014,5,23.52,55.2
2014,6,25.83,423.6
2014,7,26.94,528.8
2014,8,24.65,671.9
2014,9,21.31,212.3
2014,10,17.89,23.2
2014,11,15.55,9.5
2014,12,12.21,45.3
2015,1,10.91,24.0
2015,2,12.71,16.0
2015,3,14.65,26.0
2015,4,20.44,16.0
2015,5,22.95,31.2
2015,6,26.0,414.2
2015,7,26.74,214.7
2015,8,24.71,229.5
2015,9,23.85,307.3
2015,10,19.85,13.5
2015,11,14.39,19.9
2015,12,13.51,10.5
2016,1,12.01,34.7
2016,2,13.77,24.1
2016,3,14.87,10.2
2016,4,18.67,27.3
2016,5,21.91,42.8
2016,6,26.4,97.9
2016,7,26.11,453.3
2016,8,23.94,208.4
2016,9,23.26,95.5
2016,10,18.06,20.6
2016,11,14.11,34.9
2016,12,12.43,13.6
2017,1,10.64,9.8
2017,2,11.93,17.7
2017,3,15.4,35.0
2017,4,19.37,11.0
2017,5,23.59,15.0
2017,6,26.04,505.5
2017,7,27.51,401.6
2017,8,26.14,364.5
2017,9,24.57,435.6
2017,10,18.19,41.9
2017,11,15.27,9.2
2017,12,11.1,13.2
2018,1,12.53,21.3
2018,2,12.78,21.6
2018,3,13.73,25.5
2018,4,19.22,25.3
2018,5,21.34,12.9
2018,6,26.09,315.9
2018,7,24.66,313.0
2018,8,25.26,473.3
2018,9,21.87,139.6
2018,10,18.87,22.1
2018,11,14.6,24.4
2018,12,11.6,29.8
2019,1,10.72,28.0
2019,2,10.41,34.4
2019,3,13.45,10.8
2019,4,16.61,19.3
2019,5,22.95,33.2
2019,6,27.68,142.1
2019,7,27.06,857.0
2019,8,26.61,294.7
2019,9,23.96,472.8
2019,10,18.49,11.7
2019,11,14.66,30.6
2019,12,10.76,25.3
2020,1,10.94,22.6
2020,2,12.42,24.5
2020,3,14.32,28.0
2020,4,17.18,29.2
2020,5,23.61,21.0
2020,6,25.97,255.1
2020,7,25.44,1013.8
2020,8,25.52,544.5
2020,9,23.32,334.1
2020,10,19.11,78.3
2020,11,15.05,18.9
2020,12,12.17,45.2
