date,pm25,pm10
2019-01-01,98.7,176.7
2019-01-02,103.1,145.0
2019-01-03,95.2,174.8
2019-01-04,86.7,128.4
2019-01-05,86.5,140.8
2019-01-06,79.6,137.8
2019-01-07,100.4,166.1
2019-01-08,118.4,175.6
2019-01-09,92.9,136.5
2019-01-10,91.1,140.5
2019-01-11,106.8,152.3
2019-01-12,97.6,147.2
2019-01-13,94.3,138.2
2019-01-14,87.0,142.0
2019-01-15,99.6,157.2
2019-01-16,109.7,185.8
2019-01-17,81.2,125.1
2019-01-18,93.5,132.5
2019-01-19,68.1,106.6
2019-01-20,76.1,135.3
2019-01-21,74.0,113.1
2019-01-22,96.4,154.5
2019-01-23,81.8,145.4
2019-01-24,103.3,165.6
2019-01-25,101.5,187.1
2019-01-26,89.8,166.9
2019-01-27,59.3,92.2
2019-01-28,91.3,161.4
2019-01-29,98.0,149.6
2019-01-30,100.1,147.1
2019-01-31,76.9,124.5
2019-02-01,91.4,155.5
2019-02-02,78.3,146.2
2019-02-03,80.3,118.3
2019-02-04,112.2,197.0
2019-02-05,85.8,140.5
2019-02-06,96.4,141.3
2019-02-07,108.9,205.4
2019-02-08,88.0,153.8
2019-02-09,87.7,128.4
2019-02-10,,167.3
2019-02-11,96.1,139.5
2019-02-12,77.7,112.4
2019-02-13,95.6,149.7
2019-02-14,113.2,211.6
2019-02-15,72.1,102.1
2019-02-16,98.0,182.2
2019-02-17,88.0,150.1
2019-02-18,83.5,119.7
2019-02-19,,202.3
2019-02-20,102.3,166.7
2019-02-21,74.4,125.1
2019-02-22,91.8,162.4
2019-02-23,91.4,159.0
2019-02-24,81.0,153.8
2019-02-25,98.8,146.1
2019-02-26,87.8,158.6
2019-02-27,97.6,156.7
2019-02-28,107.8,193.1
2019-03-01,77.7,143.4
2019-03-02,83.2,157.7
2019-03-03,74.0,113.4
2019-03-04,87.3,142.0
2019-03-05,68.3,127.8
2019-03-06,76.2,142.7
2019-03-07,81.0,128.5
2019-03-08,95.7,179.0
2019-03-09,91.7,147.0
2019-03-10,59.0,93.7
2019-03-11,70.2,124.8
2019-03-12,89.7,146.7
2019-03-13,52.1,84.6
2019-03-14,72.9,116.1
2019-03-15,,125.1
2019-03-16,,130.8
2019-03-17,80.9,115.7
2019-03-18,-999.0,128.1
2019-03-19,70.9,119.3
2019-03-20,71.8,124.6
2019-03-21,96.0,172.9
2019-03-22,68.0,103.0
2019-03-23,64.2,97.4
2019-03-24,72.0,110.8
2019-03-25,70.1,108.8
2019-03-26,68.3,121.6
2019-03-27,54.8,87.0
2019-03-28,-999.0,108.5
2019-03-29,62.7,107.7
2019-03-30,78.6,117.4
2019-03-31,71.2,103.5
2019-04-01,66.3,115.9
2019-04-02,75.3,133.9
2019-04-03,60.4,93.5
2019-04-04,79.1,135.9
2019-04-05,63.6,90.1
2019-04-06,66.1,105.9
2019-04-07,41.0,69.2
2019-04-08,66.2,101.1
2019-04-09,37.0,58.2
2019-04-10,31.3,53.4
2019-04-11,54.8,92.9
2019-04-12,45.7,67.5
2019-04-13,55.6,97.5
2019-04-14,82.0,118.1
2019-04-15,44.3,83.5
2019-04-16,46.5,69.8
2019-04-17,57.3,87.5
2019-04-18,60.5,90.8
2019-04-19,50.4,95.5
2019-04-20,45.8,70.7
2019-04-21,56.9,96.9
2019-04-22,57.8,109.5
2019-04-23,35.3,66.2
2019-04-24,47.9,68.1
2019-04-25,48.7,80.9
2019-04-26,32.7,55.6
2019-04-27,46.8,82.0
2019-04-28,31.6,49.5
2019-04-29,58.8,92.0
2019-04-30,47.1,66.0
2019-05-01,44.9,63.7
2019-05-02,34.7,58.1
2019-05-03,40.5,58.2
2019-05-04,12.6,18.9
2019-05-05,23.1,36.2
2019-05-06,45.1,64.7
2019-05-07,9.5,13.4
2019-05-08,50.4,93.9
2019-05-09,13.4,21.7
2019-05-10,47.7,71.7
2019-05-11,22.8,40.0
2019-05-12,43.3,60.8
2019-05-13,36.8,56.0
2019-05-14,12.8,24.1
2019-05-15,51.1,94.5
2019-05-16,53.1,91.2
2019-05-17,31.4,45.4
2019-05-18,25.8,40.2
2019-05-19,26.7,37.8
2019-05-20,16.6,25.1
2019-05-21,,63.6
2019-05-22,21.4,31.3
2019-05-23,27.7,47.6
2019-05-24,16.7,24.2
2019-05-25,17.1,25.3
2019-05-26,8.1,15.0
2019-05-27,43.6,68.4
2019-05-28,23.2,36.3
2019-05-29,38.3,55.3
2019-05-30,,43.9
2019-05-31,13.9,24.2
2019-06-01,17.2,28.8
2019-06-02,13.7,23.4
2019-06-03,22.1,32.0
2019-06-04,16.3,24.9
2019-06-05,16.8,28.4
2019-06-06,5.0,9.4
2019-06-07,8.7,15.7
2019-06-08,39.7,68.3
2019-06-09,9.0,14.9
2019-06-10,5.0,7.0
2019-06-11,22.9,42.3
2019-06-12,37.4,53.6
2019-06-13,5.0,7.3
2019-06-14,13.9,24.3
2019-06-15,7.1,12.8
2019-06-16,4.6,8.2
2019-06-17,26.0,42.3
2019-06-18,,22.3
2019-06-19,15.9,22.5
2019-06-20,5.0,9.1
2019-06-21,,38.9
2019-06-22,5.9,9.0
2019-06-23,10.8,19.8
2019-06-24,5.0,8.0
2019-06-25,5.0,7.8
2019-06-26,31.5,52.1
2019-06-27,5.4,7.6
2019-06-28,16.3,26.4
2019-06-29,,16.0
2019-06-30,5.2,9.1
2019-07-01,5.0,8.3
2019-07-02,20.2,37.1
2019-07-03,7.0,12.9
2019-07-04,8.9,13.9
2019-07-05,11.2,17.3
2019-07-06,25.3,47.3
2019-07-07,18.7,30.9
2019-07-08,15.8,22.9
2019-07-09,5.0,7.1
2019-07-10,5.0,9.5
2019-07-11,23.5,39.7
2019-07-12,23.7,33.8
2019-07-13,7.5,12.4
2019-07-14,16.4,27.1
2019-07-15,21.0,34.0
2019-07-16,21.6,40.5
2019-07-17,22.9,42.9
2019-07-18,5.0,7.3
2019-07-19,31.3,46.2
2019-07-20,4.6,7.4
2019-07-21,20.6,37.4
2019-07-22,17.1,29.3
2019-07-23,22.5,39.7
2019-07-24,36.7,62.0
2019-07-25,31.3,47.1
2019-07-26,5.0,9.0
2019-07-27,4.6,6.5
2019-07-28,20.8,36.4
2019-07-29,5.0,7.5
2019-07-30,11.0,18.0
2019-07-31,23.2,43.8
2019-08-01,5.0,8.3
2019-08-02,5.0,7.1
2019-08-03,14.6,23.6
2019-08-04,12.0,20.8
2019-08-05,9.1,13.0
2019-08-06,13.3,20.3
2019-08-07,5.0,7.0
2019-08-08,5.0,8.4
2019-08-09,11.3,18.0
2019-08-10,4.6,7.6
2019-08-11,4.6,7.1
2019-08-12,21.7,37.5
2019-08-13,14.1,21.0
2019-08-14,21.0,38.9
2019-08-15,5.0,9.4
2019-08-16,6.8,11.2
2019-08-17,4.6,7.5
2019-08-18,4.6,8.4
2019-08-19,20.0,30.9
2019-08-20,6.7,12.1
2019-08-21,23.1,35.7
2019-08-22,23.4,41.2
2019-08-23,47.4,74.3
2019-08-24,4.6,7.8
2019-08-25,30.2,56.3
2019-08-26,19.2,27.4
2019-08-27,20.8,37.5
2019-08-28,5.0,8.4
2019-08-29,15.6,24.8
2019-08-30,33.0,52.0
2019-08-31,20.4,29.3
2019-09-01,23.1,35.3
2019-09-02,20.2,34.6
2019-09-03,41.0,59.4
2019-09-04,25.1,43.5
2019-09-05,5.0,9.4
2019-09-06,16.9,31.9
2019-09-07,4.6,8.5
2019-09-08,4.6,8.3
2019-09-09,21.0,31.3
2019-09-10,47.7,89.9
2019-09-11,30.3,45.5
2019-09-12,13.9,25.5
2019-09-13,17.8,32.7
2019-09-14,44.1,75.5
2019-09-15,32.1,53.3
2019-09-16,33.6,50.4
2019-09-17,32.9,54.6
2019-09-18,34.8,53.8
2019-09-19,46.3,67.7
2019-09-20,43.4,63.5
2019-09-21,36.7,66.1
2019-09-22,20.9,38.9
2019-09-23,45.0,66.2
2019-09-24,29.0,40.8
2019-09-25,54.6,83.6
2019-09-26,22.2,32.6
2019-09-27,38.8,58.0
2019-09-28,38.5,65.1
2019-09-29,22.0,35.4
2019-09-30,67.1,108.3
2019-10-01,64.1,96.3
2019-10-02,38.0,65.8
2019-10-03,56.0,86.5
2019-10-04,51.3,82.1
2019-10-05,9.4,15.3
2019-10-06,47.4,87.8
2019-10-07,47.4,72.2
2019-10-08,50.2,88.3
2019-10-09,34.7,53.9
2019-10-10,46.8,86.4
2019-10-11,48.8,77.9
2019-10-12,63.9,105.6
2019-10-13,53.5,98.4
2019-10-14,53.6,93.1
2019-10-15,75.8,109.7
2019-10-16,47.4,69.6
2019-10-17,50.5,95.7
2019-10-18,31.3,44.3
2019-10-19,73.9,114.6
2019-10-20,66.8,125.5
2019-10-21,71.9,101.2
2019-10-22,69.2,102.5
2019-10-23,62.1,93.6
2019-10-24,64.4,92.9
2019-10-25,58.6,95.9
2019-10-26,55.8,94.6
2019-10-27,59.9,93.4
2019-10-28,,124.5
2019-10-29,73.0,131.8
2019-10-30,65.1,117.3
2019-10-31,58.6,98.5
2019-11-01,58.5,85.9
2019-11-02,84.3,140.9
2019-11-03,70.7,121.2
2019-11-04,70.6,114.0
2019-11-05,65.5,120.0
2019-11-06,55.6,88.7
2019-11-07,70.9,117.4
2019-11-08,,123.6
2019-11-09,63.0,106.0
2019-11-10,65.8,117.3
2019-11-11,71.6,126.4
2019-11-12,,117.5
2019-11-13,53.7,101.8
2019-11-14,73.4,129.2
2019-11-15,65.4,105.4
2019-11-16,84.1,135.2
2019-11-17,63.2,113.1
2019-11-18,87.5,130.2
2019-11-19,101.4,174.4
2019-11-20,76.3,134.2
2019-11-21,72.9,120.9
2019-11-22,84.6,155.4
2019-11-23,76.7,125.4
2019-11-24,64.4,105.1
2019-11-25,,139.1
2019-11-26,112.6,209.4
2019-11-27,81.3,126.7
2019-11-28,82.7,144.5
2019-11-29,71.4,114.6
2019-11-30,84.7,158.2
2019-12-01,64.8,121.4
2019-12-02,72.2,102.2
2019-12-03,106.1,201.3
2019-12-04,76.1,129.6
2019-12-05,104.4,150.0
2019-12-06,111.1,183.2
2019-12-07,87.3,124.4
2019-12-08,91.6,153.4
2019-12-09,118.5,176.9
2019-12-10,88.9,140.8
2019-12-11,83.8,130.1
2019-12-12,73.6,125.2
2019-12-13,93.5,169.3
2019-12-14,106.1,198.2
2019-12-15,99.7,156.0
2019-12-16,80.9,136.3
2019-12-17,82.5,115.7
2019-12-18,87.8,139.3
2019-12-19,99.3,186.7
2019-12-20,92.7,135.3
2019-12-21,,168.8
2019-12-22,93.3,161.1
2019-12-23,92.3,142.8
2019-12-24,96.2,172.1
2019-12-25,,154.5
2019-12-26,96.2,177.7
2019-12-27,104.7,150.9
2019-12-28,115.4,168.4
2019-12-29,98.9,175.5
2019-12-30,99.1,161.0
2019-12-31,74.9,110.4
2020-01-01,104.1,172.5
2020-01-02,71.6,110.9
2020-01-03,79.3,132.8
2020-01-04,103.4,183.2
2020-01-05,101.6,185.8
2020-01-06,97.4,139.2
2020-01-07,75.6,128.2
2020-01-08,94.5,178.8
2020-01-09,90.3,147.2
2020-01-10,108.7,194.0
2020-01-11,122.3,177.2
2020-01-12,95.8,176.0
2020-01-13,89.1,150.7
2020-01-14,83.6,154.2
2020-01-15,99.2,177.9
2020-01-16,,178.9
2020-01-17,83.9,119.9
2020-01-18,94.5,166.1
2020-01-19,77.9,116.7
2020-01-20,115.4,176.9
2020-01-21,114.6,179.1
2020-01-22,114.9,194.8
2020-01-23,92.9,159.2
2020-01-24,106.7,199.1
2020-01-25,90.7,127.6
2020-01-26,87.2,130.5
2020-01-27,94.3,149.1
2020-01-28,80.7,146.0
2020-01-29,78.5,131.5
2020-01-30,109.6,181.5
2020-01-31,95.6,170.2
2020-02-01,94.0,162.4
2020-02-02,104.0,160.7
2020-02-03,73.4,106.0
2020-02-04,86.4,140.9
2020-02-05,99.5,183.1
2020-02-06,102.3,173.8
2020-02-07,91.2,130.1
2020-02-08,102.9,166.7
2020-02-09,91.9,146.3
2020-02-10,78.6,132.9
2020-02-11,82.2,139.2
2020-02-12,106.1,199.0
2020-02-13,101.0,158.5
2020-02-14,67.5,108.3
2020-02-15,104.7,178.7
2020-02-16,94.6,174.4
2020-02-17,111.7,195.8
2020-02-18,87.1,142.4
2020-02-19,87.9,158.9
2020-02-20,75.9,124.7
2020-02-21,126.7,238.4
2020-02-22,82.1,126.5
2020-02-23,104.6,153.1
2020-02-24,80.7,146.5
2020-02-25,91.5,141.7
2020-02-26,65.3,119.1
2020-02-27,82.9,141.3
2020-02-28,101.5,167.9
2020-02-29,64.8,93.5
2020-03-01,94.5,169.5
2020-03-02,90.8,130.1
2020-03-03,70.9,133.5
2020-03-04,77.9,143.2
2020-03-05,77.9,120.9
2020-03-06,83.1,121.7
2020-03-07,,129.6
2020-03-08,66.0,108.2
2020-03-09,77.7,113.6
2020-03-10,66.9,110.3
2020-03-11,62.6,95.4
2020-03-12,79.3,127.2
2020-03-13,91.7,157.7
2020-03-14,53.3,99.0
2020-03-15,72.6,130.7
2020-03-16,68.3,101.1
2020-03-17,63.0,103.2
2020-03-18,88.0,144.8
2020-03-19,68.1,129.0
2020-03-20,95.6,138.0
2020-03-21,58.6,97.0
2020-03-22,73.1,135.8
2020-03-23,69.4,111.0
2020-03-24,61.3,93.8
2020-03-25,79.3,133.1
2020-03-26,68.2,106.4
2020-03-27,78.1,145.5
2020-03-28,,91.6
2020-03-29,49.3,74.1
2020-03-30,66.0,95.2
2020-03-31,67.4,118.4
2020-04-01,79.3,122.6
2020-04-02,52.5,97.1
2020-04-03,63.9,118.0
2020-04-04,36.8,68.7
2020-04-05,67.0,102.4
2020-04-06,47.0,65.8
2020-04-07,36.1,57.5
2020-04-08,59.8,112.5
2020-04-09,75.3,134.2
2020-04-10,37.7,53.9
2020-04-11,40.0,70.1
2020-04-12,43.8,81.4
2020-04-13,40.9,77.0
2020-04-14,61.3,107.8
2020-04-15,43.9,80.4
2020-04-16,44.3,80.7
2020-04-17,61.8,97.6
2020-04-18,39.3,57.0
2020-04-19,54.1,95.4
2020-04-20,37.7,55.4
2020-04-21,33.6,53.5
2020-04-22,24.1,45.7
2020-04-23,,126.2
2020-04-24,43.8,72.7
2020-04-25,47.3,88.6
2020-04-26,43.0,66.3
2020-04-27,48.2,91.6
2020-04-28,45.9,85.2
2020-04-29,71.2,112.6
2020-04-30,29.2,45.7
2020-05-01,21.1,30.9
2020-05-02,26.1,48.5
2020-05-03,21.2,31.6
2020-05-04,51.2,71.9
2020-05-05,51.5,95.0
2020-05-06,25.8,43.8
2020-05-07,19.1,33.2
2020-05-08,32.9,58.1
2020-05-09,52.6,74.8
2020-05-10,4.6,6.7
2020-05-11,43.1,71.1
2020-05-12,,28.4
2020-05-13,48.9,80.8
2020-05-14,18.5,32.7
2020-05-15,29.0,50.1
2020-05-16,10.4,17.8
2020-05-17,16.7,23.8
2020-05-18,50.4,76.5
2020-05-19,41.8,77.3
2020-05-20,24.0,35.1
2020-05-21,16.8,28.0
2020-05-22,5.0,7.1
2020-05-23,20.7,38.7
2020-05-24,24.9,37.0
2020-05-25,25.4,40.8
2020-05-26,24.6,41.2
2020-05-27,9.7,17.1
2020-05-28,23.9,44.7
2020-05-29,23.7,41.9
2020-05-30,38.8,61.1
2020-05-31,45.8,65.8
2020-06-01,20.7,36.3
2020-06-02,11.3,21.3
2020-06-03,20.6,29.0
2020-06-04,12.5,22.3
2020-06-05,10.1,15.0
2020-06-06,17.8,29.0
2020-06-07,4.6,7.6
2020-06-08,27.5,46.9
2020-06-09,17.1,32.4
2020-06-10,21.6,37.7
2020-06-11,-999.0,24.1
2020-06-12,7.1,12.5
2020-06-13,4.6,7.5
2020-06-14,12.2,19.6
2020-06-15,8.4,13.3
2020-06-16,19.0,31.3
2020-06-17,15.2,23.4
2020-06-18,5.0,7.6
2020-06-19,15.5,22.9
2020-06-20,4.6,7.5
2020-06-21,4.9,7.6
2020-06-22,9.5,17.3
2020-06-23,5.0,9.1
2020-06-24,14.3,22.5
2020-06-25,14.9,25.5
2020-06-26,,19.1
2020-06-27,5.9,9.3
2020-06-28,6.3,10.6
2020-06-29,5.0,8.1
2020-06-30,7.8,13.5
2020-07-01,5.0,9.4
2020-07-02,12.5,18.4
2020-07-03,5.0,9.4
2020-07-04,13.2,22.9
2020-07-05,11.8,21.2
2020-07-06,8.6,14.8
2020-07-07,5.0,9.2
2020-07-08,18.1,28.3
2020-07-09,5.0,8.8
2020-07-10,16.6,25.4
2020-07-11,12.6,20.8
2020-07-12,13.1,22.8
2020-07-13,15.4,23.1
2020-07-14,5.0,7.2
2020-07-15,6.4,11.5
2020-07-16,18.9,34.1
2020-07-17,16.0,27.7
2020-07-18,12.0,18.7
2020-07-19,4.6,8.0
2020-07-20,17.7,25.5
2020-07-21,26.6,46.1
2020-07-22,,41.2
2020-07-23,13.6,23.2
2020-07-24,5.0,8.1
2020-07-25,22.1,33.4
2020-07-26,8.1,14.3
2020-07-27,5.0,8.2
2020-07-28,16.3,28.9
2020-07-29,5.0,7.9
2020-07-30,5.0,7.2
2020-07-31,5.0,8.4
2020-08-01,27.5,47.1
2020-08-02,6.4,11.9
2020-08-03,16.1,29.7
2020-08-04,37.0,52.9
2020-08-05,35.1,62.7
2020-08-06,11.6,17.8
2020-08-07,10.0,17.5
2020-08-08,4.6,7.3
2020-08-09,4.6,7.2
2020-08-10,20.2,33.2
2020-08-11,20.1,33.5
2020-08-12,16.5,28.8
2020-08-13,29.2,50.2
2020-08-14,5.0,8.7
2020-08-15,14.2,22.6
2020-08-16,24.8,43.1
2020-08-17,25.0,39.3
2020-08-18,32.3,55.0
2020-08-19,23.3,38.0
2020-08-20,13.8,23.2
2020-08-21,23.7,33.4
2020-08-22,4.7,7.8
2020-08-23,4.6,6.9
2020-08-24,28.1,44.8
2020-08-25,19.7,28.3
2020-08-26,25.3,43.7
2020-08-27,5.0,9.2
2020-08-28,16.9,26.7
2020-08-29,13.2,19.2
2020-08-30,10.2,17.4
2020-08-31,5.0,7.3
2020-09-01,19.5,36.0
2020-09-02,37.4,54.6
2020-09-03,30.7,48.5
2020-09-04,17.5,28.8
2020-09-05,24.5,35.7
2020-09-06,35.1,54.7
2020-09-07,5.0,7.7
2020-09-08,26.6,46.7
2020-09-09,36.6,69.3
2020-09-10,39.2,62.0
2020-09-11,54.1,97.1
2020-09-12,43.6,64.1
2020-09-13,-999.0,56.6
2020-09-14,,59.0
2020-09-15,44.0,67.9
2020-09-16,26.1,47.3
2020-09-17,33.7,59.8
2020-09-18,47.7,70.0
2020-09-19,58.7,90.8
2020-09-20,31.8,57.6
2020-09-21,36.4,69.0
2020-09-22,40.6,69.3
2020-09-23,57.3,105.2
2020-09-24,38.8,73.4
2020-09-25,60.6,107.3
2020-09-26,25.3,43.6
2020-09-27,36.1,54.5
2020-09-28,39.4,62.5
2020-09-29,54.0,92.4
2020-09-30,58.3,108.6
2020-10-01,23.3,36.1
2020-10-02,32.4,51.8
2020-10-03,47.1,66.5
2020-10-04,34.9,61.0
2020-10-05,26.2,42.5
2020-10-06,62.8,113.0
2020-10-07,55.9,84.8
2020-10-08,56.7,98.1
2020-10-09,43.9,76.2
2020-10-10,61.1,99.7
2020-10-11,45.3,67.7
2020-10-12,68.2,109.2
2020-10-13,40.9,72.5
2020-10-14,42.5,63.5
2020-10-15,58.1,84.0
2020-10-16,46.1,75.2
2020-10-17,61.6,93.5
2020-10-18,56.9,102.4
2020-10-19,45.4,82.1
2020-10-20,60.1,112.5
2020-10-21,54.9,99.9
2020-10-22,73.4,126.5
2020-10-23,52.5,78.4
2020-10-24,52.1,94.4
2020-10-25,74.3,131.1
2020-10-26,95.0,168.5
2020-10-27,92.4,161.6
2020-10-28,66.1,120.0
2020-10-29,69.0,106.9
2020-10-30,88.1,153.0
2020-10-31,61.1,101.3
2020-11-01,50.7,79.5
2020-11-02,70.5,110.2
2020-11-03,76.0,112.3
2020-11-04,58.8,96.8
2020-11-05,48.0,76.0
2020-11-06,51.7,83.3
2020-11-07,76.1,138.9
2020-11-08,58.2,101.3
2020-11-09,72.0,125.3
2020-11-10,77.6,146.8
2020-11-11,84.0,126.7
2020-11-12,71.3,117.9
2020-11-13,83.7,121.1
2020-11-14,60.4,96.4
2020-11-15,67.9,127.3
2020-11-16,64.4,92.9
2020-11-17,95.2,169.3
2020-11-18,79.6,145.9
2020-11-19,70.3,116.3
2020-11-20,76.4,137.4
2020-11-21,73.3,118.8
2020-11-22,85.9,135.4
2020-11-23,60.8,100.5
2020-11-24,69.2,103.6
2020-11-25,79.0,122.7
2020-11-26,120.4,186.9
2020-11-27,,187.3
2020-11-28,78.6,123.2
2020-11-29,89.8,136.0
2020-11-30,116.0,216.9
2020-12-01,84.4,124.0
2020-12-02,83.1,156.5
2020-12-03,,193.1
2020-12-04,96.2,165.8
2020-12-05,92.2,148.8
2020-12-06,77.3,115.8
2020-12-07,117.6,170.9
2020-12-08,115.1,167.1
2020-12-09,99.6,156.8
2020-12-10,101.7,163.1
2020-12-11,64.1,119.3
2020-12-12,94.7,158.0
2020-12-13,84.3,159.8
2020-12-14,99.8,175.7
2020-12-15,103.7,152.8
2020-12-16,89.7,150.4
2020-12-17,71.2,105.4
2020-12-18,100.4,142.5
2020-12-19,79.2,148.3
2020-12-20,84.9,133.2
2020-12-21,87.8,131.2
2020-12-22,91.7,133.0
2020-12-23,64.5,111.3
2020-12-24,114.1,186.0
2020-12-25,100.9,141.8
2020-12-26,105.3,185.1
2020-12-27,116.8,178.5
2020-12-28,98.4,176.2
2020-12-29,73.1,120.2
2020-12-30,86.0,143.4
2020-12-31,81.8,133.2
